{"type":"FeatureCollection","metadata":{"generated":1767480565000,"url":"https://earthquake.usgs.gov/earthquakes/feed/v1.0/summary/all_day.geojson","title":"USGS All Earthquakes, Past Day","status":200,"api":"1.14.1","count":183},"features":[{"type":"Feature","properties":{"mag":0.87,"place":"17 km ESE of Julian, CA","time":1767480112080,"updated":1767480326806,"tz":null,"url":"https://earthquake.usgs.gov/earthquakes/eventpage/ci41151871","detail":"https://earthquake.usgs.gov/earthquakes/feed/v1.0/detail/ci41151871.geojson","felt":null,"cdi":null,"mmi":null,"alert":null,"status":"automatic","tsunami":0,"sig":12,"net":"ci","code":"41151871","ids":",ci41151871,","sources":",ci,","types":",nearby-cities,origin,phase-data,scitech-link,","nst":36,"dmin":0.0297,"rms":0.17,"gap":87,"magType":"ml","type":"earthquake","title":"M 0.9 - 17 km ESE of Julian, CA"},"geometry":{"type":"Point","coordinates":[-116.427166666667,33.049,12.39]},"id":"ci41151871"},
{"type":"Feature","properties":{"mag":0.47,"place":"12 km ESE of Anza, CA","time":1767479558470,"updated":1767479773976,"tz":null,"url":"https://earthquake.usgs.gov/earthquakes/eventpage/ci41151863","detail":"https://earthquake.usgs.gov/earthquakes/feed/v1.0/detail/ci41151863.geojson","felt":null,"cdi":null,"mmi":null,"alert":null,"status":"automatic","tsunami":0,"sig":3,"net":"ci","code":"41151863","ids":",ci41151863,","sources":",ci,","types":",nearby-cities,origin,phase-data,scitech-link,","nst":18,"dmin":0.05153,"rms":0.16,"gap":95,"magType":"ml","type":"earthquake","title":"M 0.5 - 12 km ESE of Anza, CA"},"geometry":{"type":"Point","coordinates":[-116.549,33.5208333333333,13.59]},"id":"ci41151863"},
{"type":"Feature","properties":{"mag":5,"place":"214 km S of Kokopo, Papua New Guinea","time":1767479136668,"updated":1767480508040,"tz":null,"url":"https://earthquake.usgs.gov/earthquakes/eventpage/us7000rmbh","detail":"https://earthquake.usgs.gov/earthquakes/feed/v1.0/detail/us7000rmbh.geojson","felt":null,"cdi":null,"mmi":null,"alert":null,"status":"reviewed","tsunami":0,"sig":385,"net":"us","code":"7000rmbh","ids":",us7000rmbh,","sources":",us,","types":",origin,phase-data,","nst":27,"dmin":2.083,"rms":0.95,"gap":118,"magType":"mb","type":"earthquake","title":"M 5.0 - 214 km S of Kokopo, Papua New Guinea"},"geometry":{"type":"Point","coordinates":[152.3668,-6.2783,10]},"id":"us7000rmbh"},
{"type":"Feature","properties":{"mag":1.8,"place":"30 km WSW of Cantwell, Alaska","time":1767478903055,"updated":1767479027182,"tz":null,"url":"https://earthquake.usgs.gov/earthquakes/eventpage/ak2026afjxzf","detail":"https://earthquake.usgs.gov/earthquakes/feed/v1.0/detail/ak2026afjxzf.geojson","felt":null,"cdi":null,"mmi":null,"alert":null,"status":"automatic","tsunami":0,"sig":50,"net":"ak","code":"2026afjxzf","ids":",ak2026afjxzf,","sources":",ak,","types":",origin,phase-data,","nst":23,"dmin":0.5,"rms":0.9,"gap":57,"magType":"ml","type":"earthquake","title":"M 1.8 - 30 km WSW of Cantwell, Alaska"},"geometry":{"type":"Point","coordinates":[-149.485,63.268,0.1]},"id":"ak2026afjxzf"},
{"type":"Feature","properties":{"mag":1.8,"place":"19 km NW of Sterling City, Texas","time":1767478719401,"updated":1767479007875,"tz":null,"url":"https://earthquake.usgs.gov/earthquakes/eventpage/tx2026afjvid","detail":"https://earthquake.usgs.gov/earthquakes/feed/v1.0/detail/tx2026afjvid.geojson","felt":null,"cdi":null,"mmi":null,"alert":null,"status":"automatic","tsunami":0,"sig":50,"net":"tx","code":"2026afjvid","ids":",tx2026afjvid,","sources":",tx,","types":",origin,phase-data,","nst":26,"dmin":0,"rms":0.5,"gap":98,"magType":"ml","type":"earthquake","title":"M 1.8 - 19 km NW of Sterling City, Texas"},"geometry":{"type":"Point","coordinates":[-101.136,31.955,2.0479]},"id":"tx2026afjvid"},
{"type":"Feature","properties":{"mag":1.7,"place":"36 km ESE of Malaga, New Mexico","time":1767478143519,"updated":1767478386312,"tz":null,"url":"https://earthquake.usgs.gov/earthquakes/eventpage/tx2026afjnbf","detail":"https://earthquake.usgs.gov/earthquakes/feed/v1.0/detail/tx2026afjnbf.geojson","felt":null,"cdi":null,"mmi":null,"alert":null,"status":"automatic","tsunami":0,"sig":44,"net":"tx","code":"2026afjnbf","ids":",tx2026afjnbf,","sources":",tx,","types":",origin,phase-data,","nst":22,"dmin":0,"rms":0.4,"gap":54,"magType":"ml","type":"earthquake","title":"M 1.7 - 36 km ESE of Malaga, New Mexico"},"geometry":{"type":"Point","coordinates":[-103.727,32.071,7.0737]},"id":"tx2026afjnbf"},
{"type":"Feature","properties":{"mag":5,"place":"Mid-Indian Ridge","time":1767477822671,"updated":1767479067040,"tz":null,"url":"https://earthquake.usgs.gov/earthquakes/eventpage/us7000rmbe","detail":"https://earthquake.usgs.gov/earthquakes/feed/v1.0/detail/us7000rmbe.geojson","felt":null,"cdi":null,"mmi":null,"alert":null,"status":"reviewed","tsunami":0,"sig":385,"net":"us","code":"7000rmbe","ids":",us7000rmbe,","sources":",us,","types":",origin,phase-data,","nst":44,"dmin":39.766,"rms":0.72,"gap":59,"magType":"mb","type":"earthquake","title":"M 5.0 - Mid-Indian Ridge"},"geometry":{"type":"Point","coordinates":[69.5588,-23.5974,10]},"id":"us7000rmbe"},
{"type":"Feature","properties":{"mag":1.6,"place":"36 km ESE of Malaga, New Mexico","time":1767477686100,"updated":1767478057470,"tz":null,"url":"https://earthquake.usgs.gov/earthquakes/eventpage/tx2026afjgmz","detail":"https://earthquake.usgs.gov/earthquakes/feed/v1.0/detail/tx2026afjgmz.geojson","felt":null,"cdi":null,"mmi":null,"alert":null,"status":"automatic","tsunami":0,"sig":39,"net":"tx","code":"2026afjgmz","ids":",tx2026afjgmz,","sources":",tx,","types":",origin,phase-data,","nst":18,"dmin":0,"rms":0.4,"gap":57,"magType":"ml","type":"earthquake","title":"M 1.6 - 36 km ESE of Malaga, New Mexico"},"geometry":{"type":"Point","coordinates":[-103.726,32.074,7.0928]},"id":"tx2026afjgmz"},
{"type":"Feature","properties":{"mag":1.12,"place":"5 km NW of The Geysers, CA","time":1767477473730,"updated":1767479541463,"tz":null,"url":"https://earthquake.usgs.gov/earthquakes/eventpage/nc75290506","detail":"https://earthquake.usgs.gov/earthquakes/feed/v1.0/detail/nc75290506.geojson","felt":null,"cdi":null,"mmi":null,"alert":null,"status":"automatic","tsunami":0,"sig":19,"net":"nc","code":"75290506","ids":",nc75290506,","sources":",nc,","types":",nearby-cities,origin,phase-data,scitech-link,","nst":7,"dmin":0.008319,"rms":0.01,"gap":97,"magType":"md","type":"earthquake","title":"M 1.1 - 5 km NW of The Geysers, CA"},"geometry":{"type":"Point","coordinates":[-122.805168151855,38.8048324584961,1.64999997615814]},"id":"nc75290506"},
{"type":"Feature","properties":{"mag":1.34,"place":"7 km NE of Ridgemark, CA","time":1767477321090,"updated":1767480442583,"tz":null,"url":"https://earthquake.usgs.gov/earthquakes/eventpage/nc75290501","detail":"https://earthquake.usgs.gov/earthquakes/feed/v1.0/detail/nc75290501.geojson","felt":null,"cdi":null,"mmi":null,"alert":null,"status":"automatic","tsunami":0,"sig":28,"net":"nc","code":"75290501","ids":",nc75290501,","sources":",nc,","types":",nearby-cities,origin,phase-data,scitech-link,","nst":11,"dmin":0.04845,"rms":0.08,"gap":117,"magType":"md","type":"earthquake","title":"M 1.3 - 7 km NE of Ridgemark, CA"},"geometry":{"type":"Point","coordinates":[-121.314666748047,36.8554992675781,8.01000022888184]},"id":"nc75290501"},
{"type":"Feature","properties":{"mag":0.7,"place":"84 km NNW of Karluk, Alaska","time":1767477303765,"updated":1767477469051,"tz":null,"url":"https://earthquake.usgs.gov/earthquakes/eventpage/ak2026afjazl","detail":"https://earthquake.usgs.gov/earthquakes/feed/v1.0/detail/ak2026afjazl.geojson","felt":null,"cdi":null,"mmi":null,"alert":null,"status":"automatic","tsunami":0,"sig":8,"net":"ak","code":"2026afjazl","ids":",ak2026afjazl,","sources":",ak,","types":",origin,phase-data,","nst":9,"dmin":0,"rms":0.1,"gap":132,"magType":"ml","type":"earthquake","title":"M 0.7 - 84 km NNW of Karluk, Alaska"},"geometry":{"type":"Point","coordinates":[-154.986,58.269,5]},"id":"ak2026afjazl"},
{"type":"Feature","properties":{"mag":1.6,"place":"36 km ESE of Malaga, New Mexico","time":1767477161494,"updated":1767477625411,"tz":null,"url":"https://earthquake.usgs.gov/earthquakes/eventpage/tx2026afiynu","detail":"https://earthquake.usgs.gov/earthquakes/feed/v1.0/detail/tx2026afiynu.geojson","felt":null,"cdi":null,"mmi":null,"alert":null,"status":"automatic","tsunami":0,"sig":39,"net":"tx","code":"2026afiynu","ids":",tx2026afiynu,","sources":",tx,","types":",origin,phase-data,","nst":22,"dmin":0.1,"rms":0.4,"gap":109,"magType":"ml","type":"earthquake","title":"M 1.6 - 36 km ESE of Malaga, New Mexico"},"geometry":{"type":"Point","coordinates":[-103.732,32.076,6.893]},"id":"tx2026afiynu"},
{"type":"Feature","properties":{"mag":1.67,"place":"4 km SW of Newark, CA","time":1767477004600,"updated":1767478939392,"tz":null,"url":"https://earthquake.usgs.gov/earthquakes/eventpage/nc75290496","detail":"https://earthquake.usgs.gov/earthquakes/feed/v1.0/detail/nc75290496.geojson","felt":null,"cdi":null,"mmi":null,"alert":null,"status":"automatic","tsunami":0,"sig":43,"net":"nc","code":"75290496","ids":",nc75290496,","sources":",nc,","types":",nearby-cities,origin,phase-data,scitech-link,","nst":6,"dmin":0.2219,"rms":0.1,"gap":140,"magType":"md","type":"earthquake","title":"M 1.7 - 4 km SW of Newark, CA"},"geometry":{"type":"Point","coordinates":[-122.070999145508,37.5056648254395,17.1100006103516]},"id":"nc75290496"},
{"type":"Feature","properties":{"mag":1.9,"place":"20 km SW of Hope, Alaska","time":1767475302054,"updated":1767475414229,"tz":null,"url":"https://earthquake.usgs.gov/earthquakes/eventpage/ak2026afhyfv","detail":"https://earthquake.usgs.gov/earthquakes/feed/v1.0/detail/ak2026afhyfv.geojson","felt":null,"cdi":null,"mmi":null,"alert":null,"status":"automatic","tsunami":0,"sig":56,"net":"ak","code":"2026afhyfv","ids":",ak2026afhyfv,","sources":",ak,","types":",origin,phase-data,","nst":36,"dmin":0.3,"rms":0.8,"gap":99,"magType":"ml","type":"earthquake","title":"M 1.9 - 20 km SW of Hope, Alaska"},"geometry":{"type":"Point","coordinates":[-149.93,60.796,33.8]},"id":"ak2026afhyfv"},
{"type":"Feature","properties":{"mag":1.41,"place":"2 km W of Universal City, CA","time":1767474939230,"updated":1767475159421,"tz":null,"url":"https://earthquake.usgs.gov/earthquakes/eventpage/ci41151855","detail":"https://earthquake.usgs.gov/earthquakes/feed/v1.0/detail/ci41151855.geojson","felt":null,"cdi":null,"mmi":null,"alert":null,"status":"automatic","tsunami":0,"sig":31,"net":"ci","code":"41151855","ids":",ci41151855,","sources":",ci,","types":",nearby-cities,origin,phase-data,scitech-link,","nst":17,"dmin":0.02415,"rms":0.19,"gap":86,"magType":"ml","type":"earthquake","title":"M 1.4 - 2 km W of Universal City, CA"},"geometry":{"type":"Point","coordinates":[-118.373,34.1385,17.47]},"id":"ci41151855"},
{"type":"Feature","properties":{"mag":1.1,"place":"9 km WSW of Stanton, Texas","time":1767473632838,"updated":1767473762165,"tz":null,"url":"https://earthquake.usgs.gov/earthquakes/eventpage/tx2026afhahm","detail":"https://earthquake.usgs.gov/earthquakes/feed/v1.0/detail/tx2026afhahm.geojson","felt":null,"cdi":null,"mmi":null,"alert":null,"status":"automatic","tsunami":0,"sig":19,"net":"tx","code":"2026afhahm","ids":",tx2026afhahm,","sources":",tx,","types":",origin,phase-data,","nst":6,"dmin":0.1,"rms":0.6,"gap":196,"magType":"ml","type":"earthquake","title":"M 1.1 - 9 km WSW of Stanton, Texas"},"geometry":{"type":"Point","coordinates":[-101.886,32.108,5]},"id":"tx2026afhahm"},
{"type":"Feature","properties":{"mag":4.8,"place":"218 km SE of Pondaguitan, Philippines","time":1767473215616,"updated":1767474026040,"tz":null,"url":"https://earthquake.usgs.gov/earthquakes/eventpage/us7000rmb5","detail":"https://earthquake.usgs.gov/earthquakes/feed/v1.0/detail/us7000rmb5.geojson","felt":null,"cdi":null,"mmi":null,"alert":null,"status":"reviewed","tsunami":0,"sig":354,"net":"us","code":"7000rmb5","ids":",us7000rmb5,","sources":",us,","types":",origin,phase-data,","nst":49,"dmin":2.057,"rms":0.82,"gap":69,"magType":"mb","type":"earthquake","title":"M 4.8 - 218 km SE of Pondaguitan, Philippines"},"geometry":{"type":"Point","coordinates":[127.5334,4.9308,110.371]},"id":"us7000rmb5"},
{"type":"Feature","properties":{"mag":2,"place":"35 km ESE of Malaga, New Mexico","time":1767473132831,"updated":1767473322112,"tz":null,"url":"https://earthquake.usgs.gov/earthquakes/eventpage/tx2026afgtcz","detail":"https://earthquake.usgs.gov/earthquakes/feed/v1.0/detail/tx2026afgtcz.geojson","felt":null,"cdi":null,"mmi":null,"alert":null,"status":"automatic","tsunami":0,"sig":62,"net":"tx","code":"2026afgtcz","ids":",tx2026afgtcz,","sources":",tx,","types":",origin,phase-data,","nst":18,"dmin":0.1,"rms":0.3,"gap":114,"magType":"ml","type":"earthquake","title":"M 2.0 - 35 km ESE of Malaga, New Mexico"},"geometry":{"type":"Point","coordinates":[-103.737,32.089,3.9298]},"id":"tx2026afgtcz"},
{"type":"Feature","properties":{"mag":2,"place":"36 km ESE of Malaga, New Mexico","time":1767473132501,"updated":1767474047214,"tz":null,"url":"https://earthquake.usgs.gov/earthquakes/eventpage/tx2026afgssu","detail":"https://earthquake.usgs.gov/earthquakes/feed/v1.0/detail/tx2026afgssu.geojson","felt":null,"cdi":null,"mmi":null,"alert":null,"status":"automatic","tsunami":0,"sig":62,"net":"tx","code":"2026afgssu","ids":",tx2026afgssu,","sources":",tx,","types":",origin,phase-data,","nst":28,"dmin":0,"rms":0.4,"gap":51,"magType":"ml","type":"earthquake","title":"M 2.0 - 36 km ESE of Malaga, New Mexico"},"geometry":{"type":"Point","coordinates":[-103.733,32.072,7.3507]},"id":"tx2026afgssu"},
{"type":"Feature","properties":{"mag":1.52,"place":"56 km SSW of Goldfield, Nevada","time":1767472996860,"updated":1767473163284,"tz":null,"url":"https://earthquake.usgs.gov/earthquakes/eventpage/nn00909195","detail":"https://earthquake.usgs.gov/earthquakes/feed/v1.0/detail/nn00909195.geojson","felt":null,"cdi":null,"mmi":null,"alert":null,"status":"automatic","tsunami":0,"sig":36,"net":"nn","code":"00909195","ids":",nn00909195,","sources":",nn,","types":",origin,phase-data,","nst":17,"dmin":0.229,"rms":0.3056,"gap":282,"magType":"ml","type":"earthquake","title":"M 1.5 - 56 km SSW of Goldfield, Nevada"},"geometry":{"type":"Point","coordinates":[-117.4244,37.2208,5.4906]},"id":"nn00909195"},
{"type":"Feature","properties":{"mag":1.7,"place":"26 km NW of Susitna, Alaska","time":1767472498446,"updated":1767472593001,"tz":null,"url":"https://earthquake.usgs.gov/earthquakes/eventpage/ak2026afgjyi","detail":"https://earthquake.usgs.gov/earthquakes/feed/v1.0/detail/ak2026afgjyi.geojson","felt":null,"cdi":null,"mmi":null,"alert":null,"status":"automatic","tsunami":0,"sig":44,"net":"ak","code":"2026afgjyi","ids":",ak2026afgjyi,","sources":",ak,","types":",origin,phase-data,","nst":33,"dmin":0.4,"rms":0.5,"gap":57,"magType":"ml","type":"earthquake","title":"M 1.7 - 26 km NW of Susitna, Alaska"},"geometry":{"type":"Point","coordinates":[-150.803,61.739,59.7]},"id":"ak2026afgjyi"},
{"type":"Feature","properties":{"mag":1.6,"place":"17 km SSE of Stanton, Texas","time":1767470438753,"updated":1767474078816,"tz":null,"url":"https://earthquake.usgs.gov/earthquakes/eventpage/tx2026affgjw","detail":"https://earthquake.usgs.gov/earthquakes/feed/v1.0/detail/tx2026affgjw.geojson","felt":null,"cdi":null,"mmi":null,"alert":null,"status":"automatic","tsunami":0,"sig":39,"net":"tx","code":"2026affgjw","ids":",tx2026affgjw,","sources":",tx,","types":",origin,phase-data,","nst":33,"dmin":0.1,"rms":0.5,"gap":86,"magType":"ml","type":"earthquake","title":"M 1.6 - 17 km SSE of Stanton, Texas"},"geometry":{"type":"Point","coordinates":[-101.686,31.998,2.6745]},"id":"tx2026affgjw"},
{"type":"Feature","properties":{"mag":2.01,"place":"37 km NW of Kalaoa, Hawaii","time":1767469781130,"updated":1767470023450,"tz":null,"url":"https://earthquake.usgs.gov/earthquakes/eventpage/hv74868417","detail":"https://earthquake.usgs.gov/earthquakes/feed/v1.0/detail/hv74868417.geojson","felt":null,"cdi":null,"mmi":null,"alert":null,"status":"automatic","tsunami":0,"sig":62,"net":"hv","code":"74868417","ids":",hv74868417,","sources":",hv,","types":",origin,phase-data,","nst":31,"dmin":0.4167,"rms":0.310000002,"gap":276,"magType":"md","type":"earthquake","title":"M 2.0 - 37 km NW of Kalaoa, Hawaii"},"geometry":{"type":"Point","coordinates":[-156.261993408203,19.9423332214355,9.10999965667725]},"id":"hv74868417"},
{"type":"Feature","properties":{"mag":1.24,"place":"8 km ESE of Valle Vista, CA","time":1767469688660,"updated":1767469909931,"tz":null,"url":"https://earthquake.usgs.gov/earthquakes/eventpage/ci41151823","detail":"https://earthquake.usgs.gov/earthquakes/feed/v1.0/detail/ci41151823.geojson","felt":null,"cdi":null,"mmi":null,"alert":null,"status":"automatic","tsunami":0,"sig":24,"net":"ci","code":"41151823","ids":",ci41151823,","sources":",ci,","types":",nearby-cities,origin,phase-data,scitech-link,","nst":48,"dmin":0.08206,"rms":0.15,"gap":41,"magType":"ml","type":"earthquake","title":"M 1.2 - 8 km ESE of Valle Vista, CA"},"geometry":{"type":"Point","coordinates":[-116.818333333333,33.7085,15.76]},"id":"ci41151823"},
{"type":"Feature","properties":{"mag":1.9,"place":"51 km W of Karluk, Alaska","time":1767469131373,"updated":1767469268732,"tz":null,"url":"https://earthquake.usgs.gov/earthquakes/eventpage/ak2026afenis","detail":"https://earthquake.usgs.gov/earthquakes/feed/v1.0/detail/ak2026afenis.geojson","felt":null,"cdi":null,"mmi":null,"alert":null,"status":"automatic","tsunami":0,"sig":56,"net":"ak","code":"2026afenis","ids":",ak2026afenis,","sources":",ak,","types":",origin,phase-data,","nst":26,"dmin":0.4,"rms":0.2,"gap":206,"magType":"ml","type":"earthquake","title":"M 1.9 - 51 km W of Karluk, Alaska"},"geometry":{"type":"Point","coordinates":[-155.31,57.648,81.8]},"id":"ak2026afenis"},
{"type":"Feature","properties":{"mag":1.9,"place":"14 km W of Arbuckle, CA","time":1767468121490,"updated":1767470239413,"tz":null,"url":"https://earthquake.usgs.gov/earthquakes/eventpage/nc75290456","detail":"https://earthquake.usgs.gov/earthquakes/feed/v1.0/detail/nc75290456.geojson","felt":null,"cdi":null,"mmi":null,"alert":null,"status":"automatic","tsunami":0,"sig":56,"net":"nc","code":"75290456","ids":",nc75290456,","sources":",nc,","types":",nearby-cities,origin,phase-data,scitech-link,","nst":8,"dmin":0.4588,"rms":0.3,"gap":154,"magType":"md","type":"earthquake","title":"M 1.9 - 14 km W of Arbuckle, CA"},"geometry":{"type":"Point","coordinates":[-122.221496582031,38.9949989318848,5]},"id":"nc75290456"},
{"type":"Feature","properties":{"mag":4.5,"place":"151 km NW of Caluula, Somalia","time":1767467443960,"updated":1767476968040,"tz":null,"url":"https://earthquake.usgs.gov/earthquakes/eventpage/us7000rmaw","detail":"https://earthquake.usgs.gov/earthquakes/feed/v1.0/detail/us7000rmaw.geojson","felt":null,"cdi":null,"mmi":null,"alert":null,"status":"reviewed","tsunami":0,"sig":312,"net":"us","code":"7000rmaw","ids":",us7000rmaw,","sources":",us,","types":",origin,phase-data,","nst":44,"dmin":5.508,"rms":0.77,"gap":164,"magType":"mb","type":"earthquake","title":"M 4.5 - 151 km NW of Caluula, Somalia"},"geometry":{"type":"Point","coordinates":[49.821,12.9797,10]},"id":"us7000rmaw"},
{"type":"Feature","properties":{"mag":1.27198285155603,"place":"8 km ENE of North Tustin, CA","time":1767467443090,"updated":1767467664244,"tz":null,"url":"https://earthquake.usgs.gov/earthquakes/eventpage/ci41151815","detail":"https://earthquake.usgs.gov/earthquakes/feed/v1.0/detail/ci41151815.geojson","felt":null,"cdi":null,"mmi":null,"alert":null,"status":"automatic","tsunami":0,"sig":25,"net":"ci","code":"41151815","ids":",ci41151815,","sources":",ci,","types":",nearby-cities,origin,phase-data,scitech-link,","nst":20,"dmin":0.2057,"rms":0.419999987,"gap":127,"magType":"ml","type":"earthquake","title":"M 1.3 - 8 km ENE of North Tustin, CA"},"geometry":{"type":"Point","coordinates":[-117.718170166016,33.8036651611328,26.6299991607666]},"id":"ci41151815"},
{"type":"Feature","properties":{"mag":0.76,"place":"7 km SSE of Redlands, CA","time":1767465395070,"updated":1767465611467,"tz":null,"url":"https://earthquake.usgs.gov/earthquakes/eventpage/ci41151807","detail":"https://earthquake.usgs.gov/earthquakes/feed/v1.0/detail/ci41151807.geojson","felt":null,"cdi":null,"mmi":null,"alert":null,"status":"automatic","tsunami":0,"sig":9,"net":"ci","code":"41151807","ids":",ci41151807,","sources":",ci,","types":",nearby-cities,origin,phase-data,scitech-link,","nst":28,"dmin":0.1492,"rms":0.18,"gap":113,"magType":"ml","type":"earthquake","title":"M 0.8 - 7 km SSE of Redlands, CA"},"geometry":{"type":"Point","coordinates":[-117.146666666667,34.003,14.12]},"id":"ci41151807"},
{"type":"Feature","properties":{"mag":1.98,"place":"14 km N of Susanville, CA","time":1767465310230,"updated":1767468740236,"tz":null,"url":"https://earthquake.usgs.gov/earthquakes/eventpage/nc75290426","detail":"https://earthquake.usgs.gov/earthquakes/feed/v1.0/detail/nc75290426.geojson","felt":null,"cdi":null,"mmi":null,"alert":null,"status":"automatic","tsunami":0,"sig":60,"net":"nc","code":"75290426","ids":",nc75290426,","sources":",nc,","types":",nearby-cities,origin,phase-data,scitech-link,","nst":8,"dmin":0.09314,"rms":0.12,"gap":156,"magType":"md","type":"earthquake","title":"M 2.0 - 14 km N of Susanville, CA"},"geometry":{"type":"Point","coordinates":[-120.67733001709,40.5403327941895,6.86999988555908]},"id":"nc75290426"},
{"type":"Feature","properties":{"mag":1.5,"place":"25 km SW of Jal, New Mexico","time":1767465107326,"updated":1767470972748,"tz":null,"url":"https://earthquake.usgs.gov/earthquakes/eventpage/tx2026afchwh","detail":"https://earthquake.usgs.gov/earthquakes/feed/v1.0/detail/tx2026afchwh.geojson","felt":null,"cdi":null,"mmi":null,"alert":null,"status":"automatic","tsunami":0,"sig":35,"net":"tx","code":"2026afchwh","ids":",tx2026afchwh,","sources":",tx,","types":",origin,phase-data,","nst":10,"dmin":0,"rms":0.4,"gap":143,"magType":"ml","type":"earthquake","title":"M 1.5 - 25 km SW of Jal, New Mexico"},"geometry":{"type":"Point","coordinates":[-103.364,31.94,4.4314]},"id":"tx2026afchwh"},
{"type":"Feature","properties":{"mag":2.2,"place":"16 km NW of Stanton, Texas","time":1767465015818,"updated":1767465282948,"tz":null,"url":"https://earthquake.usgs.gov/earthquakes/eventpage/tx2026afcdnd","detail":"https://earthquake.usgs.gov/earthquakes/feed/v1.0/detail/tx2026afcdnd.geojson","felt":null,"cdi":null,"mmi":null,"alert":null,"status":"automatic","tsunami":0,"sig":74,"net":"tx","code":"2026afcdnd","ids":",tx2026afcdnd,","sources":",tx,","types":",origin,phase-data,","nst":61,"dmin":0,"rms":0.6,"gap":33,"magType":"ml","type":"earthquake","title":"M 2.2 - 16 km NW of Stanton, Texas"},"geometry":{"type":"Point","coordinates":[-101.909,32.241,2.203]},"id":"tx2026afcdnd"},
{"type":"Feature","properties":{"mag":2,"place":"16 km NW of Stanton, Texas","time":1767464981784,"updated":1767465226934,"tz":null,"url":"https://earthquake.usgs.gov/earthquakes/eventpage/tx2026afcfpu","detail":"https://earthquake.usgs.gov/earthquakes/feed/v1.0/detail/tx2026afcfpu.geojson","felt":null,"cdi":null,"mmi":null,"alert":null,"status":"automatic","tsunami":0,"sig":62,"net":"tx","code":"2026afcfpu","ids":",tx2026afcfpu,","sources":",tx,","types":",origin,phase-data,","nst":35,"dmin":0,"rms":0.4,"gap":35,"magType":"ml","type":"earthquake","title":"M 2.0 - 16 km NW of Stanton, Texas"},"geometry":{"type":"Point","coordinates":[-101.917,32.236,3.969]},"id":"tx2026afcfpu"},
{"type":"Feature","properties":{"mag":1.11,"place":"2 km SW of Cobb, CA","time":1767464184060,"updated":1767467540102,"tz":null,"url":"https://earthquake.usgs.gov/earthquakes/eventpage/nc75290411","detail":"https://earthquake.usgs.gov/earthquakes/feed/v1.0/detail/nc75290411.geojson","felt":null,"cdi":null,"mmi":null,"alert":null,"status":"automatic","tsunami":0,"sig":19,"net":"nc","code":"75290411","ids":",nc75290411,","sources":",nc,","types":",nearby-cities,origin,phase-data,scitech-link,","nst":12,"dmin":0.02065,"rms":0.04,"gap":130,"magType":"md","type":"earthquake","title":"M 1.1 - 2 km SW of Cobb, CA"},"geometry":{"type":"Point","coordinates":[-122.737503051758,38.8118324279785,0.769999980926514]},"id":"nc75290411"},
{"type":"Feature","properties":{"mag":1.68,"place":"14 km NNW of Susanville, CA","time":1767464021790,"updated":1767466040946,"tz":null,"url":"https://earthquake.usgs.gov/earthquakes/eventpage/nc75290401","detail":"https://earthquake.usgs.gov/earthquakes/feed/v1.0/detail/nc75290401.geojson","felt":null,"cdi":null,"mmi":null,"alert":null,"status":"automatic","tsunami":0,"sig":43,"net":"nc","code":"75290401","ids":",nc75290401,","sources":",nc,","types":",nearby-cities,origin,phase-data,scitech-link,","nst":5,"dmin":0.08874,"rms":0.02,"gap":221,"magType":"md","type":"earthquake","title":"M 1.7 - 14 km NNW of Susanville, CA"},"geometry":{"type":"Point","coordinates":[-120.688667297363,40.5415000915527,5.3899998664856]},"id":"nc75290401"},
{"type":"Feature","properties":{"mag":1.6,"place":"114 km NW of Yakutat, Alaska","time":1767463604864,"updated":1767463799710,"tz":null,"url":"https://earthquake.usgs.gov/earthquakes/eventpage/ak2026afbmgf","detail":"https://earthquake.usgs.gov/earthquakes/feed/v1.0/detail/ak2026afbmgf.geojson","felt":null,"cdi":null,"mmi":null,"alert":null,"status":"automatic","tsunami":0,"sig":39,"net":"ak","code":"2026afbmgf","ids":",ak2026afbmgf,","sources":",ak,","types":",origin,phase-data,","nst":9,"dmin":0.1,"rms":0.5,"gap":147,"magType":"ml","type":"earthquake","title":"M 1.6 - 114 km NW of Yakutat, Alaska"},"geometry":{"type":"Point","coordinates":[-141.295,60.207,15.3]},"id":"ak2026afbmgf"},
{"type":"Feature","properties":{"mag":1.7,"place":"10 km ENE of Naalehu, Hawaii","time":1767463250800,"updated":1767463454980,"tz":null,"url":"https://earthquake.usgs.gov/earthquakes/eventpage/hv74868337","detail":"https://earthquake.usgs.gov/earthquakes/feed/v1.0/detail/hv74868337.geojson","felt":null,"cdi":null,"mmi":null,"alert":null,"status":"automatic","tsunami":0,"sig":44,"net":"hv","code":"74868337","ids":",hv74868337,","sources":",hv,","types":",origin,phase-data,","nst":16,"dmin":0.06283,"rms":0.119999997,"gap":268,"magType":"md","type":"earthquake","title":"M 1.7 - 10 km ENE of Naalehu, Hawaii"},"geometry":{"type":"Point","coordinates":[-155.483169555664,19.0955009460449,33.4799995422363]},"id":"hv74868337"},
{"type":"Feature","properties":{"mag":1.6,"place":"1 km S of Salcha, Alaska","time":1767463076011,"updated":1767463155657,"tz":null,"url":"https://earthquake.usgs.gov/earthquakes/eventpage/ak2026afbeqr","detail":"https://earthquake.usgs.gov/earthquakes/feed/v1.0/detail/ak2026afbeqr.geojson","felt":null,"cdi":null,"mmi":null,"alert":null,"status":"automatic","tsunami":0,"sig":39,"net":"ak","code":"2026afbeqr","ids":",ak2026afbeqr,","sources":",ak,","types":",origin,phase-data,","nst":15,"dmin":0,"rms":0.7,"gap":55,"magType":"ml","type":"earthquake","title":"M 1.6 - 1 km S of Salcha, Alaska"},"geometry":{"type":"Point","coordinates":[-146.895,64.508,5.1]},"id":"ak2026afbeqr"},
{"type":"Feature","properties":{"mag":1.27,"place":"4 km W of Cobb, CA","time":1767462143740,"updated":1767463939692,"tz":null,"url":"https://earthquake.usgs.gov/earthquakes/eventpage/nc75290391","detail":"https://earthquake.usgs.gov/earthquakes/feed/v1.0/detail/nc75290391.geojson","felt":null,"cdi":null,"mmi":null,"alert":null,"status":"automatic","tsunami":0,"sig":25,"net":"nc","code":"75290391","ids":",nc75290391,","sources":",nc,","types":",nearby-cities,origin,phase-data,scitech-link,","nst":7,"dmin":0.0173,"rms":0.07,"gap":188,"magType":"md","type":"earthquake","title":"M 1.3 - 4 km W of Cobb, CA"},"geometry":{"type":"Point","coordinates":[-122.763832092285,38.8283348083496,8.61999988555908]},"id":"nc75290391"},
{"type":"Feature","properties":{"mag":3.3,"place":"113 km N of Yakutat, Alaska","time":1767462038111,"updated":1767479935040,"tz":null,"url":"https://earthquake.usgs.gov/earthquakes/eventpage/us7000rmab","detail":"https://earthquake.usgs.gov/earthquakes/feed/v1.0/detail/us7000rmab.geojson","felt":null,"cdi":null,"mmi":null,"alert":null,"status":"reviewed","tsunami":0,"sig":168,"net":"us","code":"7000rmab","ids":",us7000rmab,","sources":",us,","types":",origin,phase-data,","nst":19,"dmin":0.479,"rms":0.79,"gap":77,"magType":"ml","type":"earthquake","title":"M 3.3 - 113 km N of Yakutat, Alaska"},"geometry":{"type":"Point","coordinates":[-139.9954,60.5561,5.423]},"id":"us7000rmab"},
{"type":"Feature","properties":{"mag":2.4,"place":"41 km WSW of Karluk, Alaska","time":1767461557847,"updated":1767478257040,"tz":null,"url":"https://earthquake.usgs.gov/earthquakes/eventpage/ak2026afaitz","detail":"https://earthquake.usgs.gov/earthquakes/feed/v1.0/detail/ak2026afaitz.geojson","felt":null,"cdi":null,"mmi":null,"alert":null,"status":"automatic","tsunami":0,"sig":89,"net":"ak","code":"2026afaitz","ids":",us7000rma9,ak2026afaitz,","sources":",us,ak,","types":",origin,phase-data,","nst":38,"dmin":0.6,"rms":0.3,"gap":85,"magType":"ml","type":"earthquake","title":"M 2.4 - 41 km WSW of Karluk, Alaska"},"geometry":{"type":"Point","coordinates":[-155.125,57.48,74.9]},"id":"ak2026afaitz"},
{"type":"Feature","properties":{"mag":-0.06,"place":"10 km SE of Winchester, CA","time":1767461532950,"updated":1767461766488,"tz":null,"url":"https://earthquake.usgs.gov/earthquakes/eventpage/ci41151743","detail":"https://earthquake.usgs.gov/earthquakes/feed/v1.0/detail/ci41151743.geojson","felt":null,"cdi":null,"mmi":null,"alert":null,"status":"automatic","tsunami":0,"sig":0,"net":"ci","code":"41151743","ids":",ci41151743,","sources":",ci,","types":",nearby-cities,origin,phase-data,scitech-link,","nst":34,"dmin":0.007885,"rms":0.15,"gap":34,"magType":"ml","type":"earthquake","title":"M -0.1 - 10 km SE of Winchester, CA"},"geometry":{"type":"Point","coordinates":[-117.014833333333,33.6435,13]},"id":"ci41151743"},
{"type":"Feature","properties":{"mag":2.9,"place":"106 km N of Yakutat, Alaska","time":1767461493421,"updated":1767477654040,"tz":null,"url":"https://earthquake.usgs.gov/earthquakes/eventpage/us7000rma7","detail":"https://earthquake.usgs.gov/earthquakes/feed/v1.0/detail/us7000rma7.geojson","felt":null,"cdi":null,"mmi":null,"alert":null,"status":"reviewed","tsunami":0,"sig":129,"net":"us","code":"7000rma7","ids":",us7000rma7,","sources":",us,","types":",origin,phase-data,","nst":25,"dmin":0.416,"rms":0.57,"gap":79,"magType":"ml","type":"earthquake","title":"M 2.9 - 106 km N of Yakutat, Alaska"},"geometry":{"type":"Point","coordinates":[-140.0048,60.4919,5.793]},"id":"us7000rma7"},
{"type":"Feature","properties":{"mag":4.7,"place":"12 km W of Doğanyol, Turkey","time":1767461246849,"updated":1767472464662,"tz":null,"url":"https://earthquake.usgs.gov/earthquakes/eventpage/us7000rmaa","detail":"https://earthquake.usgs.gov/earthquakes/feed/v1.0/detail/us7000rmaa.geojson","felt":1,"cdi":2,"mmi":null,"alert":null,"status":"reviewed","tsunami":0,"sig":340,"net":"us","code":"7000rmaa","ids":",us7000rmaa,","sources":",us,","types":",dyfi,origin,phase-data,","nst":106,"dmin":0.333,"rms":0.78,"gap":111,"magType":"mb","type":"earthquake","title":"M 4.7 - 12 km W of Doğanyol, Turkey"},"geometry":{"type":"Point","coordinates":[38.8972,38.2915,6.504]},"id":"us7000rmaa"},
{"type":"Feature","properties":{"mag":2.2,"place":"55 km S of Whites City, New Mexico","time":1767460731574,"updated":1767461182428,"tz":null,"url":"https://earthquake.usgs.gov/earthquakes/eventpage/tx2026aezwzb","detail":"https://earthquake.usgs.gov/earthquakes/feed/v1.0/detail/tx2026aezwzb.geojson","felt":null,"cdi":null,"mmi":null,"alert":null,"status":"automatic","tsunami":0,"sig":74,"net":"tx","code":"2026aezwzb","ids":",tx2026aezwzb,","sources":",tx,","types":",origin,phase-data,","nst":28,"dmin":0,"rms":0.2,"gap":81,"magType":"ml","type":"earthquake","title":"M 2.2 - 55 km S of Whites City, New Mexico"},"geometry":{"type":"Point","coordinates":[-104.47,31.68,4.6851]},"id":"tx2026aezwzb"},
{"type":"Feature","properties":{"mag":1.9,"place":"83 km NW of Yakutat, Alaska","time":1767460709479,"updated":1767460826584,"tz":null,"url":"https://earthquake.usgs.gov/earthquakes/eventpage/ak2026aezwqy","detail":"https://earthquake.usgs.gov/earthquakes/feed/v1.0/detail/ak2026aezwqy.geojson","felt":null,"cdi":null,"mmi":null,"alert":null,"status":"automatic","tsunami":0,"sig":56,"net":"ak","code":"2026aezwqy","ids":",ak2026aezwqy,","sources":",ak,","types":",origin,phase-data,","nst":13,"dmin":0.3,"rms":1.1,"gap":161,"magType":"ml","type":"earthquake","title":"M 1.9 - 83 km NW of Yakutat, Alaska"},"geometry":{"type":"Point","coordinates":[-140.79,60.076,10.9]},"id":"ak2026aezwqy"},
{"type":"Feature","properties":{"mag":1.12,"place":"14 km NNW of Borrego Springs, CA","time":1767460016750,"updated":1767460677010,"tz":null,"url":"https://earthquake.usgs.gov/earthquakes/eventpage/ci41151719","detail":"https://earthquake.usgs.gov/earthquakes/feed/v1.0/detail/ci41151719.geojson","felt":null,"cdi":null,"mmi":null,"alert":null,"status":"automatic","tsunami":0,"sig":19,"net":"ci","code":"41151719","ids":",ci41151719,","sources":",ci,","types":",focal-mechanism,nearby-cities,origin,phase-data,scitech-link,","nst":54,"dmin":0.0669,"rms":0.21,"gap":38,"magType":"ml","type":"earthquake","title":"M 1.1 - 14 km NNW of Borrego Springs, CA"},"geometry":{"type":"Point","coordinates":[-116.414666666667,33.3806666666667,12.26]},"id":"ci41151719"},
{"type":"Feature","properties":{"mag":1.6,"place":"58 km SSW of Goldfield, Nevada","time":1767458924301,"updated":1767459102535,"tz":null,"url":"https://earthquake.usgs.gov/earthquakes/eventpage/nn00909193","detail":"https://earthquake.usgs.gov/earthquakes/feed/v1.0/detail/nn00909193.geojson","felt":null,"cdi":null,"mmi":null,"alert":null,"status":"automatic","tsunami":0,"sig":39,"net":"nn","code":"00909193","ids":",nn00909193,","sources":",nn,","types":",origin,phase-data,","nst":18,"dmin":0.194,"rms":0.3581,"gap":272,"magType":"ml","type":"earthquake","title":"M 1.6 - 58 km SSW of Goldfield, Nevada"},"geometry":{"type":"Point","coordinates":[-117.3788,37.19,4.278]},"id":"nn00909193"},
{"type":"Feature","properties":{"mag":1.7,"place":"90 km NW of Yakutat, Alaska","time":1767458880942,"updated":1767458995736,"tz":null,"url":"https://earthquake.usgs.gov/earthquakes/eventpage/ak2026aeywkm","detail":"https://earthquake.usgs.gov/earthquakes/feed/v1.0/detail/ak2026aeywkm.geojson","felt":null,"cdi":null,"mmi":null,"alert":null,"status":"automatic","tsunami":0,"sig":44,"net":"ak","code":"2026aeywkm","ids":",ak2026aeywkm,","sources":",ak,","types":",origin,phase-data,","nst":10,"dmin":0.3,"rms":0.7,"gap":177,"magType":"ml","type":"earthquake","title":"M 1.7 - 90 km NW of Yakutat, Alaska"},"geometry":{"type":"Point","coordinates":[-141.042,60.023,17.8]},"id":"ak2026aeywkm"},
{"type":"Feature","properties":{"mag":0.44,"place":"9 km SW of Idyllwild, CA","time":1767458795000,"updated":1767459010846,"tz":null,"url":"https://earthquake.usgs.gov/earthquakes/eventpage/ci41151711","detail":"https://earthquake.usgs.gov/earthquakes/feed/v1.0/detail/ci41151711.geojson","felt":null,"cdi":null,"mmi":null,"alert":null,"status":"automatic","tsunami":0,"sig":3,"net":"ci","code":"41151711","ids":",ci41151711,","sources":",ci,","types":",nearby-cities,origin,phase-data,scitech-link,","nst":15,"dmin":0.07208,"rms":0.11,"gap":81,"magType":"ml","type":"earthquake","title":"M 0.4 - 9 km SW of Idyllwild, CA"},"geometry":{"type":"Point","coordinates":[-116.793166666667,33.686,17.46]},"id":"ci41151711"},
{"type":"Feature","properties":{"mag":1.7,"place":"54 km SE of Naalehu, Hawaii","time":1767457639360,"updated":1767457870490,"tz":null,"url":"https://earthquake.usgs.gov/earthquakes/eventpage/hv74868317","detail":"https://earthquake.usgs.gov/earthquakes/feed/v1.0/detail/hv74868317.geojson","felt":null,"cdi":null,"mmi":null,"alert":null,"status":"automatic","tsunami":0,"sig":44,"net":"hv","code":"74868317","ids":",hv74868317,","sources":",hv,","types":",origin,phase-data,","nst":16,"dmin":0.4856,"rms":0.209999993,"gap":316,"magType":"md","type":"earthquake","title":"M 1.7 - 54 km SE of Naalehu, Hawaii"},"geometry":{"type":"Point","coordinates":[-155.186492919922,18.7436676025391,12.5500001907349]},"id":"hv74868317"},
{"type":"Feature","properties":{"mag":1.22,"place":"137 km W of Adak, Alaska","time":1767457295570,"updated":1767479622630,"tz":null,"url":"https://earthquake.usgs.gov/earthquakes/eventpage/av93978131","detail":"https://earthquake.usgs.gov/earthquakes/feed/v1.0/detail/av93978131.geojson","felt":null,"cdi":null,"mmi":null,"alert":null,"status":"reviewed","tsunami":0,"sig":23,"net":"av","code":"93978131","ids":",av93978131,","sources":",av,","types":",origin,phase-data,","nst":7,"dmin":0.1083,"rms":0.1,"gap":154,"magType":"ml","type":"earthquake","title":"M 1.2 - 137 km W of Adak, Alaska"},"geometry":{"type":"Point","coordinates":[-178.6115,51.7153333333333,22.52]},"id":"av93978131"},
{"type":"Feature","properties":{"mag":0.56,"place":"20 km NE of Pine Valley, CA","time":1767457165300,"updated":1767457381640,"tz":null,"url":"https://earthquake.usgs.gov/earthquakes/eventpage/ci41151687","detail":"https://earthquake.usgs.gov/earthquakes/feed/v1.0/detail/ci41151687.geojson","felt":null,"cdi":null,"mmi":null,"alert":null,"status":"automatic","tsunami":0,"sig":5,"net":"ci","code":"41151687","ids":",ci41151687,","sources":",ci,","types":",nearby-cities,origin,phase-data,scitech-link,","nst":23,"dmin":0.06366,"rms":0.16,"gap":80,"magType":"ml","type":"earthquake","title":"M 0.6 - 20 km NE of Pine Valley, CA"},"geometry":{"type":"Point","coordinates":[-116.354833333333,32.9286666666667,9.26]},"id":"ci41151687"},
{"type":"Feature","properties":{"mag":1.8,"place":"20 km NE of Nikiski, Alaska","time":1767457084632,"updated":1767457213726,"tz":null,"url":"https://earthquake.usgs.gov/earthquakes/eventpage/ak2026aexwph","detail":"https://earthquake.usgs.gov/earthquakes/feed/v1.0/detail/ak2026aexwph.geojson","felt":null,"cdi":null,"mmi":null,"alert":null,"status":"automatic","tsunami":0,"sig":50,"net":"ak","code":"2026aexwph","ids":",ak2026aexwph,","sources":",ak,","types":",origin,phase-data,","nst":28,"dmin":0.6,"rms":0.6,"gap":54,"magType":"ml","type":"earthquake","title":"M 1.8 - 20 km NE of Nikiski, Alaska"},"geometry":{"type":"Point","coordinates":[-151.033,60.823,17.7]},"id":"ak2026aexwph"},
{"type":"Feature","properties":{"mag":1,"place":"40 km SSW of South Van Horn, Alaska","time":1767454473193,"updated":1767454547606,"tz":null,"url":"https://earthquake.usgs.gov/earthquakes/eventpage/ak2026aewlch","detail":"https://earthquake.usgs.gov/earthquakes/feed/v1.0/detail/ak2026aewlch.geojson","felt":null,"cdi":null,"mmi":null,"alert":null,"status":"automatic","tsunami":0,"sig":15,"net":"ak","code":"2026aewlch","ids":",ak2026aewlch,","sources":",ak,","types":",origin,phase-data,","nst":9,"dmin":0,"rms":0.5,"gap":164,"magType":"ml","type":"earthquake","title":"M 1.0 - 40 km SSW of South Van Horn, Alaska"},"geometry":{"type":"Point","coordinates":[-147.992,64.458,13.9]},"id":"ak2026aewlch"},
{"type":"Feature","properties":{"mag":1.8,"place":"22 km S of Westbrook, Texas","time":1767454399177,"updated":1767454653254,"tz":null,"url":"https://earthquake.usgs.gov/earthquakes/eventpage/tx2026aewkai","detail":"https://earthquake.usgs.gov/earthquakes/feed/v1.0/detail/tx2026aewkai.geojson","felt":null,"cdi":null,"mmi":null,"alert":null,"status":"automatic","tsunami":0,"sig":50,"net":"tx","code":"2026aewkai","ids":",tx2026aewkai,","sources":",tx,","types":",origin,phase-data,","nst":14,"dmin":0.3,"rms":0.7,"gap":108,"magType":"ml","type":"earthquake","title":"M 1.8 - 22 km S of Westbrook, Texas"},"geometry":{"type":"Point","coordinates":[-101.013,32.157,0.9233]},"id":"tx2026aewkai"},
{"type":"Feature","properties":{"mag":0.42,"place":"22 km ESE of Anza, CA","time":1767453263400,"updated":1767453481326,"tz":null,"url":"https://earthquake.usgs.gov/earthquakes/eventpage/ci41151679","detail":"https://earthquake.usgs.gov/earthquakes/feed/v1.0/detail/ci41151679.geojson","felt":null,"cdi":null,"mmi":null,"alert":null,"status":"automatic","tsunami":0,"sig":3,"net":"ci","code":"41151679","ids":",ci41151679,","sources":",ci,","types":",nearby-cities,origin,phase-data,scitech-link,","nst":29,"dmin":0.1245,"rms":0.18,"gap":70,"magType":"ml","type":"earthquake","title":"M 0.4 - 22 km ESE of Anza, CA"},"geometry":{"type":"Point","coordinates":[-116.4545,33.4783333333333,7.28]},"id":"ci41151679"},
{"type":"Feature","properties":{"mag":1.7,"place":"14 km ENE of Ridgecrest, CA","time":1767453032520,"updated":1767453255304,"tz":null,"url":"https://earthquake.usgs.gov/earthquakes/eventpage/ci41151671","detail":"https://earthquake.usgs.gov/earthquakes/feed/v1.0/detail/ci41151671.geojson","felt":null,"cdi":null,"mmi":null,"alert":null,"status":"automatic","tsunami":0,"sig":44,"net":"ci","code":"41151671","ids":",ci41151671,","sources":",ci,","types":",nearby-cities,origin,phase-data,scitech-link,","nst":35,"dmin":0.09777,"rms":0.15,"gap":35,"magType":"ml","type":"earthquake","title":"M 1.7 - 14 km ENE of Ridgecrest, CA"},"geometry":{"type":"Point","coordinates":[-117.542666666667,35.6785,9.08]},"id":"ci41151671"},
{"type":"Feature","properties":{"mag":0.95,"place":"8 km WNW of Cobb, CA","time":1767452751870,"updated":1767452846363,"tz":null,"url":"https://earthquake.usgs.gov/earthquakes/eventpage/nc75290311","detail":"https://earthquake.usgs.gov/earthquakes/feed/v1.0/detail/nc75290311.geojson","felt":null,"cdi":null,"mmi":null,"alert":null,"status":"automatic","tsunami":0,"sig":14,"net":"nc","code":"75290311","ids":",nc75290311,","sources":",nc,","types":",nearby-cities,origin,phase-data,","nst":10,"dmin":0.01538,"rms":0.03,"gap":121,"magType":"md","type":"earthquake","title":"M 1.0 - 8 km WNW of Cobb, CA"},"geometry":{"type":"Point","coordinates":[-122.809997558594,38.8393325805664,2.33999991416931]},"id":"nc75290311"},
{"type":"Feature","properties":{"mag":1.6,"place":"20 km WSW of Point Possession, Alaska","time":1767452722829,"updated":1767452851475,"tz":null,"url":"https://earthquake.usgs.gov/earthquakes/eventpage/ak2026aevlyy","detail":"https://earthquake.usgs.gov/earthquakes/feed/v1.0/detail/ak2026aevlyy.geojson","felt":null,"cdi":null,"mmi":null,"alert":null,"status":"automatic","tsunami":0,"sig":39,"net":"ak","code":"2026aevlyy","ids":",ak2026aevlyy,","sources":",ak,","types":",origin,phase-data,","nst":31,"dmin":0.5,"rms":0.6,"gap":47,"magType":"ml","type":"earthquake","title":"M 1.6 - 20 km WSW of Point Possession, Alaska"},"geometry":{"type":"Point","coordinates":[-151.019,60.831,16.5]},"id":"ak2026aevlyy"},
{"type":"Feature","properties":{"mag":1.8,"place":"0 km N of Pāhala, Hawaii","time":1767452433530,"updated":1767452687530,"tz":null,"url":"https://earthquake.usgs.gov/earthquakes/eventpage/hv74868282","detail":"https://earthquake.usgs.gov/earthquakes/feed/v1.0/detail/hv74868282.geojson","felt":null,"cdi":null,"mmi":null,"alert":null,"status":"automatic","tsunami":0,"sig":50,"net":"hv","code":"74868282","ids":",hv74868282,","sources":",hv,","types":",origin,phase-data,","nst":42,"dmin":0.04251,"rms":0.119999997,"gap":123,"magType":"md","type":"earthquake","title":"M 1.8 - 0 km N of Pāhala, Hawaii"},"geometry":{"type":"Point","coordinates":[-155.47883605957,19.2101669311523,32.4500007629395]},"id":"hv74868282"},
{"type":"Feature","properties":{"mag":1.48,"place":"18 km E of Ridgecrest, CA","time":1767452009160,"updated":1767452238211,"tz":null,"url":"https://earthquake.usgs.gov/earthquakes/eventpage/ci41151655","detail":"https://earthquake.usgs.gov/earthquakes/feed/v1.0/detail/ci41151655.geojson","felt":null,"cdi":null,"mmi":null,"alert":null,"status":"automatic","tsunami":0,"sig":34,"net":"ci","code":"41151655","ids":",ci41151655,","sources":",ci,","types":",nearby-cities,origin,phase-data,scitech-link,","nst":38,"dmin":0.07487,"rms":0.16,"gap":42,"magType":"ml","type":"earthquake","title":"M 1.5 - 18 km E of Ridgecrest, CA"},"geometry":{"type":"Point","coordinates":[-117.482833333333,35.6076666666667,9.4]},"id":"ci41151655"},
{"type":"Feature","properties":{"mag":1.71,"place":"16 km SSE of Progreso, B.C., MX","time":1767450456430,"updated":1767450678870,"tz":null,"url":"https://earthquake.usgs.gov/earthquakes/eventpage/ci41151647","detail":"https://earthquake.usgs.gov/earthquakes/feed/v1.0/detail/ci41151647.geojson","felt":null,"cdi":null,"mmi":null,"alert":null,"status":"automatic","tsunami":0,"sig":45,"net":"ci","code":"41151647","ids":",ci41151647,","sources":",ci,","types":",nearby-cities,origin,phase-data,scitech-link,","nst":23,"dmin":0.106,"rms":0.23,"gap":65,"magType":"ml","type":"earthquake","title":"M 1.7 - 16 km SSE of Progreso, B.C., MX"},"geometry":{"type":"Point","coordinates":[-115.528666666667,32.4413333333333,9.32]},"id":"ci41151647"},
{"type":"Feature","properties":{"mag":2.67,"place":"3 km SE of Pinnacles, CA","time":1767449386650,"updated":1767453531040,"tz":null,"url":"https://earthquake.usgs.gov/earthquakes/eventpage/nc75290296","detail":"https://earthquake.usgs.gov/earthquakes/feed/v1.0/detail/nc75290296.geojson","felt":1,"cdi":2,"mmi":null,"alert":null,"status":"automatic","tsunami":0,"sig":110,"net":"nc","code":"75290296","ids":",nc75290296,us7000rm9t,","sources":",nc,us,","types":",dyfi,focal-mechanism,nearby-cities,origin,phase-data,scitech-link,","nst":49,"dmin":0.07657,"rms":0.19,"gap":68,"magType":"md","type":"earthquake","title":"M 2.7 - 3 km SE of Pinnacles, CA"},"geometry":{"type":"Point","coordinates":[-121.122497558594,36.5141677856445,1.39999997615814]},"id":"nc75290296"},
{"type":"Feature","properties":{"mag":0.3,"place":"79 km ENE of Port Alsworth, Alaska","time":1767448989013,"updated":1767449211843,"tz":null,"url":"https://earthquake.usgs.gov/earthquakes/eventpage/ak2026aetkij","detail":"https://earthquake.usgs.gov/earthquakes/feed/v1.0/detail/ak2026aetkij.geojson","felt":null,"cdi":null,"mmi":null,"alert":null,"status":"automatic","tsunami":0,"sig":1,"net":"ak","code":"2026aetkij","ids":",ak2026aetkij,","sources":",ak,","types":",origin,phase-data,","nst":7,"dmin":0.1,"rms":0.6,"gap":172,"magType":"ml","type":"earthquake","title":"M 0.3 - 79 km ENE of Port Alsworth, Alaska"},"geometry":{"type":"Point","coordinates":[-152.942,60.411,24.6]},"id":"ak2026aetkij"},
{"type":"Feature","properties":{"mag":4.4,"place":"289 km WSW of Houma, Tonga","time":1767448401655,"updated":1767452101040,"tz":null,"url":"https://earthquake.usgs.gov/earthquakes/eventpage/us7000rm9r","detail":"https://earthquake.usgs.gov/earthquakes/feed/v1.0/detail/us7000rm9r.geojson","felt":null,"cdi":null,"mmi":null,"alert":null,"status":"reviewed","tsunami":0,"sig":298,"net":"us","code":"7000rm9r","ids":",us7000rm9r,","sources":",us,","types":",origin,phase-data,","nst":35,"dmin":5.519,"rms":0.62,"gap":108,"magType":"mb","type":"earthquake","title":"M 4.4 - 289 km WSW of Houma, Tonga"},"geometry":{"type":"Point","coordinates":[-178.0039,-21.8512,394.473]},"id":"us7000rm9r"},
{"type":"Feature","properties":{"mag":1.24,"place":"4 km WNW of Devore, CA","time":1767448013750,"updated":1767448233448,"tz":null,"url":"https://earthquake.usgs.gov/earthquakes/eventpage/ci41151639","detail":"https://earthquake.usgs.gov/earthquakes/feed/v1.0/detail/ci41151639.geojson","felt":null,"cdi":null,"mmi":null,"alert":null,"status":"automatic","tsunami":0,"sig":24,"net":"ci","code":"41151639","ids":",ci41151639,","sources":",ci,","types":",nearby-cities,origin,phase-data,scitech-link,","nst":31,"dmin":0.03254,"rms":0.15,"gap":38,"magType":"ml","type":"earthquake","title":"M 1.2 - 4 km WNW of Devore, CA"},"geometry":{"type":"Point","coordinates":[-117.443166666667,34.2333333333333,14.17]},"id":"ci41151639"},
{"type":"Feature","properties":{"mag":1.05,"place":"4 km NNW of The Geysers, CA","time":1767447506230,"updated":1767447601769,"tz":null,"url":"https://earthquake.usgs.gov/earthquakes/eventpage/nc75290281","detail":"https://earthquake.usgs.gov/earthquakes/feed/v1.0/detail/nc75290281.geojson","felt":null,"cdi":null,"mmi":null,"alert":null,"status":"automatic","tsunami":0,"sig":17,"net":"nc","code":"75290281","ids":",nc75290281,","sources":",nc,","types":",nearby-cities,origin,phase-data,","nst":9,"dmin":0.008798,"rms":0.02,"gap":109,"magType":"md","type":"earthquake","title":"M 1.1 - 4 km NNW of The Geysers, CA"},"geometry":{"type":"Point","coordinates":[-122.774002075195,38.8061676025391,0.970000028610229]},"id":"nc75290281"},
{"type":"Feature","properties":{"mag":4.7,"place":"31 km NW of Hualin, China","time":1767446515596,"updated":1767453303040,"tz":null,"url":"https://earthquake.usgs.gov/earthquakes/eventpage/us7000rm9x","detail":"https://earthquake.usgs.gov/earthquakes/feed/v1.0/detail/us7000rm9x.geojson","felt":null,"cdi":null,"mmi":null,"alert":null,"status":"reviewed","tsunami":0,"sig":340,"net":"us","code":"7000rm9x","ids":",us7000rm9x,","sources":",us,","types":",origin,phase-data,","nst":35,"dmin":1.15,"rms":0.87,"gap":150,"magType":"mb","type":"earthquake","title":"M 4.7 - 31 km NW of Hualin, China"},"geometry":{"type":"Point","coordinates":[104.4753,34.9964,10]},"id":"us7000rm9x"},
{"type":"Feature","properties":{"mag":1.93,"place":"3 km E of G. L. Garcia, Puerto Rico","time":1767446148070,"updated":1767448088180,"tz":null,"url":"https://earthquake.usgs.gov/earthquakes/eventpage/pr71503788","detail":"https://earthquake.usgs.gov/earthquakes/feed/v1.0/detail/pr71503788.geojson","felt":null,"cdi":null,"mmi":null,"alert":null,"status":"reviewed","tsunami":0,"sig":57,"net":"pr","code":"71503788","ids":",pr71503788,","sources":",pr,","types":",origin,phase-data,","nst":8,"dmin":0.07772,"rms":0.27,"gap":89,"magType":"md","type":"earthquake","title":"M 1.9 - 3 km E of G. L. Garcia, Puerto Rico"},"geometry":{"type":"Point","coordinates":[-66.0708333333333,18.1285,29.1]},"id":"pr71503788"},
{"type":"Feature","properties":{"mag":4.3,"place":"29 km NW of Ashkāsham, Afghanistan","time":1767445396087,"updated":1767448906040,"tz":null,"url":"https://earthquake.usgs.gov/earthquakes/eventpage/us7000rm9h","detail":"https://earthquake.usgs.gov/earthquakes/feed/v1.0/detail/us7000rm9h.geojson","felt":null,"cdi":null,"mmi":null,"alert":null,"status":"reviewed","tsunami":0,"sig":284,"net":"us","code":"7000rm9h","ids":",us7000rm9h,","sources":",us,","types":",origin,phase-data,","nst":25,"dmin":1.67,"rms":0.56,"gap":198,"magType":"mb","type":"earthquake","title":"M 4.3 - 29 km NW of Ashkāsham, Afghanistan"},"geometry":{"type":"Point","coordinates":[71.3456,36.9063,185.416]},"id":"us7000rm9h"},
{"type":"Feature","properties":{"mag":0.951983310488878,"place":"4 km W of Mira Loma, CA","time":1767444263240,"updated":1767444484081,"tz":null,"url":"https://earthquake.usgs.gov/earthquakes/eventpage/ci41151631","detail":"https://earthquake.usgs.gov/earthquakes/feed/v1.0/detail/ci41151631.geojson","felt":null,"cdi":null,"mmi":null,"alert":null,"status":"automatic","tsunami":0,"sig":14,"net":"ci","code":"41151631","ids":",ci41151631,","sources":",ci,","types":",nearby-cities,origin,phase-data,scitech-link,","nst":18,"dmin":0.06233,"rms":0.109999999,"gap":90,"magType":"ml","type":"earthquake","title":"M 1.0 - 4 km W of Mira Loma, CA"},"geometry":{"type":"Point","coordinates":[-117.559501647949,33.9896659851074,8.5]},"id":"ci41151631"},
{"type":"Feature","properties":{"mag":1.7,"place":"38 km WSW of Anchor Point, Alaska","time":1767444036987,"updated":1767444149191,"tz":null,"url":"https://earthquake.usgs.gov/earthquakes/eventpage/ak2026aeqrgu","detail":"https://earthquake.usgs.gov/earthquakes/feed/v1.0/detail/ak2026aeqrgu.geojson","felt":null,"cdi":null,"mmi":null,"alert":null,"status":"automatic","tsunami":0,"sig":44,"net":"ak","code":"2026aeqrgu","ids":",ak2026aeqrgu,","sources":",ak,","types":",origin,phase-data,","nst":38,"dmin":0.4,"rms":0.5,"gap":100,"magType":"ml","type":"earthquake","title":"M 1.7 - 38 km WSW of Anchor Point, Alaska"},"geometry":{"type":"Point","coordinates":[-152.411,59.595,67]},"id":"ak2026aeqrgu"},
{"type":"Feature","properties":{"mag":1.9,"place":"8 km E of Salamatof, Alaska","time":1767443872548,"updated":1767444084184,"tz":null,"url":"https://earthquake.usgs.gov/earthquakes/eventpage/ak2026aeqowc","detail":"https://earthquake.usgs.gov/earthquakes/feed/v1.0/detail/ak2026aeqowc.geojson","felt":null,"cdi":null,"mmi":null,"alert":null,"status":"automatic","tsunami":0,"sig":56,"net":"ak","code":"2026aeqowc","ids":",ak2026aeqowc,","sources":",ak,","types":",origin,phase-data,","nst":24,"dmin":0.1,"rms":0.3,"gap":85,"magType":"ml","type":"earthquake","title":"M 1.9 - 8 km E of Salamatof, Alaska"},"geometry":{"type":"Point","coordinates":[-151.157,60.619,75.5]},"id":"ak2026aeqowc"},
{"type":"Feature","properties":{"mag":0.35,"place":"6 km SW of Idyllwild, CA","time":1767443704410,"updated":1767443924904,"tz":null,"url":"https://earthquake.usgs.gov/earthquakes/eventpage/ci41151623","detail":"https://earthquake.usgs.gov/earthquakes/feed/v1.0/detail/ci41151623.geojson","felt":null,"cdi":null,"mmi":null,"alert":null,"status":"automatic","tsunami":0,"sig":2,"net":"ci","code":"41151623","ids":",ci41151623,","sources":",ci,","types":",nearby-cities,origin,phase-data,scitech-link,","nst":23,"dmin":0.04765,"rms":0.11,"gap":65,"magType":"ml","type":"earthquake","title":"M 0.4 - 6 km SW of Idyllwild, CA"},"geometry":{"type":"Point","coordinates":[-116.7655,33.6975,14.46]},"id":"ci41151623"},
{"type":"Feature","properties":{"mag":2,"place":"66 km ESE of Egegik, Alaska","time":1767443166826,"updated":1767443282104,"tz":null,"url":"https://earthquake.usgs.gov/earthquakes/eventpage/ak2026aeqeiq","detail":"https://earthquake.usgs.gov/earthquakes/feed/v1.0/detail/ak2026aeqeiq.geojson","felt":null,"cdi":null,"mmi":null,"alert":null,"status":"automatic","tsunami":0,"sig":62,"net":"ak","code":"2026aeqeiq","ids":",ak2026aeqeiq,","sources":",ak,","types":",origin,phase-data,","nst":23,"dmin":0.2,"rms":0.4,"gap":106,"magType":"ml","type":"earthquake","title":"M 2.0 - 66 km ESE of Egegik, Alaska"},"geometry":{"type":"Point","coordinates":[-156.39,57.918,126.5]},"id":"ak2026aeqeiq"},
{"type":"Feature","properties":{"mag":1.1,"place":"26 km ENE of McKinney Acres, Texas","time":1767441677235,"updated":1767441927237,"tz":null,"url":"https://earthquake.usgs.gov/earthquakes/eventpage/tx2026aepjij","detail":"https://earthquake.usgs.gov/earthquakes/feed/v1.0/detail/tx2026aepjij.geojson","felt":null,"cdi":null,"mmi":null,"alert":null,"status":"automatic","tsunami":0,"sig":19,"net":"tx","code":"2026aepjij","ids":",tx2026aepjij,","sources":",tx,","types":",origin,phase-data,","nst":18,"dmin":0.1,"rms":0.6,"gap":95,"magType":"ml","type":"earthquake","title":"M 1.1 - 26 km ENE of McKinney Acres, Texas"},"geometry":{"type":"Point","coordinates":[-102.291,32.423,3.838]},"id":"tx2026aepjij"},
{"type":"Feature","properties":{"mag":2.3,"place":"7 km NNW of Nikolaevsk, Alaska","time":1767440927819,"updated":1767441046927,"tz":null,"url":"https://earthquake.usgs.gov/earthquakes/eventpage/ak2026aeoyog","detail":"https://earthquake.usgs.gov/earthquakes/feed/v1.0/detail/ak2026aeoyog.geojson","felt":null,"cdi":null,"mmi":null,"alert":null,"status":"automatic","tsunami":0,"sig":81,"net":"ak","code":"2026aeoyog","ids":",ak2026aeoyog,","sources":",ak,","types":",origin,phase-data,","nst":47,"dmin":0.4,"rms":0.6,"gap":85,"magType":"ml","type":"earthquake","title":"M 2.3 - 7 km NNW of Nikolaevsk, Alaska"},"geometry":{"type":"Point","coordinates":[-151.643,59.875,45.2]},"id":"ak2026aeoyog"},
{"type":"Feature","properties":{"mag":1.7,"place":"24 km NW of Eureka Roadhouse, Alaska","time":1767440560651,"updated":1767440657894,"tz":null,"url":"https://earthquake.usgs.gov/earthquakes/eventpage/ak2026aeotha","detail":"https://earthquake.usgs.gov/earthquakes/feed/v1.0/detail/ak2026aeotha.geojson","felt":null,"cdi":null,"mmi":null,"alert":null,"status":"automatic","tsunami":0,"sig":44,"net":"ak","code":"2026aeotha","ids":",ak2026aeotha,","sources":",ak,","types":",origin,phase-data,","nst":26,"dmin":0.3,"rms":0.9,"gap":92,"magType":"ml","type":"earthquake","title":"M 1.7 - 24 km NW of Eureka Roadhouse, Alaska"},"geometry":{"type":"Point","coordinates":[-147.434,62.116,27.2]},"id":"ak2026aeotha"},
{"type":"Feature","properties":{"mag":1.7,"place":"44 km SSE of Nelchina, Alaska","time":1767438603357,"updated":1767438685399,"tz":null,"url":"https://earthquake.usgs.gov/earthquakes/eventpage/ak2026aenref","detail":"https://earthquake.usgs.gov/earthquakes/feed/v1.0/detail/ak2026aenref.geojson","felt":null,"cdi":null,"mmi":null,"alert":null,"status":"automatic","tsunami":0,"sig":44,"net":"ak","code":"2026aenref","ids":",ak2026aenref,","sources":",ak,","types":",origin,phase-data,","nst":26,"dmin":0.3,"rms":0.8,"gap":61,"magType":"ml","type":"earthquake","title":"M 1.7 - 44 km SSE of Nelchina, Alaska"},"geometry":{"type":"Point","coordinates":[-146.548,61.61,22.2]},"id":"ak2026aenref"},
{"type":"Feature","properties":{"mag":0.34,"place":"9 km SSW of Idyllwild, CA","time":1767438479740,"updated":1767438701349,"tz":null,"url":"https://earthquake.usgs.gov/earthquakes/eventpage/ci41151615","detail":"https://earthquake.usgs.gov/earthquakes/feed/v1.0/detail/ci41151615.geojson","felt":null,"cdi":null,"mmi":null,"alert":null,"status":"automatic","tsunami":0,"sig":2,"net":"ci","code":"41151615","ids":",ci41151615,","sources":",ci,","types":",nearby-cities,origin,phase-data,scitech-link,","nst":25,"dmin":0.05638,"rms":0.14,"gap":64,"magType":"ml","type":"earthquake","title":"M 0.3 - 9 km SSW of Idyllwild, CA"},"geometry":{"type":"Point","coordinates":[-116.750166666667,33.6675,16.15]},"id":"ci41151615"},
{"type":"Feature","properties":{"mag":0.76,"place":"13 km SSW of Borrego Springs, CA","time":1767437055640,"updated":1767437280353,"tz":null,"url":"https://earthquake.usgs.gov/earthquakes/eventpage/ci41151607","detail":"https://earthquake.usgs.gov/earthquakes/feed/v1.0/detail/ci41151607.geojson","felt":null,"cdi":null,"mmi":null,"alert":null,"status":"automatic","tsunami":0,"sig":9,"net":"ci","code":"41151607","ids":",ci41151607,","sources":",ci,","types":",nearby-cities,origin,phase-data,scitech-link,","nst":50,"dmin":0.07448,"rms":0.23,"gap":43,"magType":"ml","type":"earthquake","title":"M 0.8 - 13 km SSW of Borrego Springs, CA"},"geometry":{"type":"Point","coordinates":[-116.4325,33.1518333333333,9.29]},"id":"ci41151607"},
{"type":"Feature","properties":{"mag":2.94,"place":"64 km NNE of Luquillo, Puerto Rico","time":1767436523510,"updated":1767444371780,"tz":null,"url":"https://earthquake.usgs.gov/earthquakes/eventpage/pr71503773","detail":"https://earthquake.usgs.gov/earthquakes/feed/v1.0/detail/pr71503773.geojson","felt":null,"cdi":null,"mmi":null,"alert":null,"status":"reviewed","tsunami":0,"sig":133,"net":"pr","code":"71503773","ids":",pr71503773,","sources":",pr,","types":",origin,phase-data,","nst":19,"dmin":0.7095,"rms":0.32,"gap":224,"magType":"md","type":"earthquake","title":"M 2.9 - 64 km NNE of Luquillo, Puerto Rico"},"geometry":{"type":"Point","coordinates":[-65.4656666666667,18.9063333333333,24.99]},"id":"pr71503773"},
{"type":"Feature","properties":{"mag":0.46,"place":"21 km E of Little Lake, CA","time":1767436513360,"updated":1767436737502,"tz":null,"url":"https://earthquake.usgs.gov/earthquakes/eventpage/ci41151599","detail":"https://earthquake.usgs.gov/earthquakes/feed/v1.0/detail/ci41151599.geojson","felt":null,"cdi":null,"mmi":null,"alert":null,"status":"automatic","tsunami":0,"sig":3,"net":"ci","code":"41151599","ids":",ci41151599,","sources":",ci,","types":",nearby-cities,origin,phase-data,scitech-link,","nst":8,"dmin":0.02653,"rms":0.04,"gap":147,"magType":"ml","type":"earthquake","title":"M 0.5 - 21 km E of Little Lake, CA"},"geometry":{"type":"Point","coordinates":[-117.679166666667,35.9605,4.11]},"id":"ci41151599"},
{"type":"Feature","properties":{"mag":4.1,"place":"35 km SE of Khorugh, Tajikistan","time":1767436340151,"updated":1767439381040,"tz":null,"url":"https://earthquake.usgs.gov/earthquakes/eventpage/us7000rm8y","detail":"https://earthquake.usgs.gov/earthquakes/feed/v1.0/detail/us7000rm8y.geojson","felt":null,"cdi":null,"mmi":null,"alert":null,"status":"reviewed","tsunami":0,"sig":259,"net":"us","code":"7000rm8y","ids":",us7000rm8y,","sources":",us,","types":",origin,phase-data,","nst":23,"dmin":1.138,"rms":0.89,"gap":199,"magType":"mb","type":"earthquake","title":"M 4.1 - 35 km SE of Khorugh, Tajikistan"},"geometry":{"type":"Point","coordinates":[71.8592,37.2869,174.738]},"id":"us7000rm8y"},
{"type":"Feature","properties":{"mag":1.3,"place":"63 km E of Egegik, Alaska","time":1767436327150,"updated":1767465738358,"tz":null,"url":"https://earthquake.usgs.gov/earthquakes/eventpage/ak2026aemkmj","detail":"https://earthquake.usgs.gov/earthquakes/feed/v1.0/detail/ak2026aemkmj.geojson","felt":null,"cdi":null,"mmi":null,"alert":null,"status":"automatic","tsunami":0,"sig":26,"net":"ak","code":"2026aemkmj","ids":",ak2026aemkmj,","sources":",ak,","types":",origin,phase-data,","nst":11,"dmin":0.3,"rms":0.3,"gap":201,"magType":"ml","type":"earthquake","title":"M 1.3 - 63 km E of Egegik, Alaska"},"geometry":{"type":"Point","coordinates":[-156.319,58.109,15.3]},"id":"ak2026aemkmj"},
{"type":"Feature","properties":{"mag":0.96,"place":"2 km NW of The Geysers, CA","time":1767436045510,"updated":1767436141450,"tz":null,"url":"https://earthquake.usgs.gov/earthquakes/eventpage/nc75290251","detail":"https://earthquake.usgs.gov/earthquakes/feed/v1.0/detail/nc75290251.geojson","felt":null,"cdi":null,"mmi":null,"alert":null,"status":"automatic","tsunami":0,"sig":14,"net":"nc","code":"75290251","ids":",nc75290251,","sources":",nc,","types":",nearby-cities,origin,phase-data,","nst":14,"dmin":0.0145,"rms":0.02,"gap":81,"magType":"md","type":"earthquake","title":"M 1.0 - 2 km NW of The Geysers, CA"},"geometry":{"type":"Point","coordinates":[-122.770668029785,38.7878341674805,3.9300000667572]},"id":"nc75290251"},
{"type":"Feature","properties":{"mag":3.56,"place":"8 km NNE of Boca de Yuma, Dominican Republic","time":1767435705730,"updated":1767439740040,"tz":null,"url":"https://earthquake.usgs.gov/earthquakes/eventpage/pr2026003000","detail":"https://earthquake.usgs.gov/earthquakes/feed/v1.0/detail/pr2026003000.geojson","felt":null,"cdi":null,"mmi":null,"alert":null,"status":"reviewed","tsunami":0,"sig":195,"net":"pr","code":"2026003000","ids":",us7000rm93,pr2026003000,","sources":",us,pr,","types":",origin,phase-data,","nst":14,"dmin":0.1994,"rms":0.31,"gap":228,"magType":"md","type":"earthquake","title":"M 3.6 - 8 km NNE of Boca de Yuma, Dominican Republic"},"geometry":{"type":"Point","coordinates":[-68.567,18.441,85]},"id":"pr2026003000"},
{"type":"Feature","properties":{"mag":1.06,"place":"17 km WSW of Johannesburg, CA","time":1767435480930,"updated":1767435698836,"tz":null,"url":"https://earthquake.usgs.gov/earthquakes/eventpage/ci41151591","detail":"https://earthquake.usgs.gov/earthquakes/feed/v1.0/detail/ci41151591.geojson","felt":null,"cdi":null,"mmi":null,"alert":null,"status":"automatic","tsunami":0,"sig":17,"net":"ci","code":"41151591","ids":",ci41151591,","sources":",ci,","types":",nearby-cities,origin,phase-data,scitech-link,","nst":35,"dmin":0.04919,"rms":0.16,"gap":58,"magType":"ml","type":"earthquake","title":"M 1.1 - 17 km WSW of Johannesburg, CA"},"geometry":{"type":"Point","coordinates":[-117.804833333333,35.3035,7.32]},"id":"ci41151591"},
{"type":"Feature","properties":{"mag":1.37,"place":"21 km E of Little Lake, CA","time":1767435334510,"updated":1767435552822,"tz":null,"url":"https://earthquake.usgs.gov/earthquakes/eventpage/ci41151583","detail":"https://earthquake.usgs.gov/earthquakes/feed/v1.0/detail/ci41151583.geojson","felt":null,"cdi":null,"mmi":null,"alert":null,"status":"automatic","tsunami":0,"sig":29,"net":"ci","code":"41151583","ids":",ci41151583,","sources":",ci,","types":",nearby-cities,origin,phase-data,scitech-link,","nst":26,"dmin":0.02291,"rms":0.17,"gap":51,"magType":"ml","type":"earthquake","title":"M 1.4 - 21 km E of Little Lake, CA"},"geometry":{"type":"Point","coordinates":[-117.6785,35.9458333333333,4.59]},"id":"ci41151583"},
{"type":"Feature","properties":{"mag":2.3,"place":"22 km SE of Burney, CA","time":1767435241260,"updated":1767437540662,"tz":null,"url":"https://earthquake.usgs.gov/earthquakes/eventpage/nc75290236","detail":"https://earthquake.usgs.gov/earthquakes/feed/v1.0/detail/nc75290236.geojson","felt":null,"cdi":null,"mmi":null,"alert":null,"status":"automatic","tsunami":0,"sig":81,"net":"nc","code":"75290236","ids":",nc75290236,","sources":",nc,","types":",nearby-cities,origin,phase-data,scitech-link,","nst":9,"dmin":0.07257,"rms":0.11,"gap":128,"magType":"md","type":"earthquake","title":"M 2.3 - 22 km SE of Burney, CA"},"geometry":{"type":"Point","coordinates":[-121.479667663574,40.7448348999023,7.57000017166138]},"id":"nc75290236"},
{"type":"Feature","properties":{"mag":4.4,"place":"20 km NNW of Lubuklinggau, Indonesia","time":1767435173759,"updated":1767436234040,"tz":null,"url":"https://earthquake.usgs.gov/earthquakes/eventpage/us7000rm8v","detail":"https://earthquake.usgs.gov/earthquakes/feed/v1.0/detail/us7000rm8v.geojson","felt":null,"cdi":null,"mmi":null,"alert":null,"status":"reviewed","tsunami":0,"sig":298,"net":"us","code":"7000rm8v","ids":",us7000rm8v,","sources":",us,","types":",origin,phase-data,","nst":32,"dmin":1.229,"rms":0.99,"gap":88,"magType":"mb","type":"earthquake","title":"M 4.4 - 20 km NNW of Lubuklinggau, Indonesia"},"geometry":{"type":"Point","coordinates":[102.761,-3.139,209.807]},"id":"us7000rm8v"},
{"type":"Feature","properties":{"mag":2.7,"place":"52 km SE of Chignik, Alaska","time":1767435002841,"updated":1767435187086,"tz":null,"url":"https://earthquake.usgs.gov/earthquakes/eventpage/ak2026aelrlx","detail":"https://earthquake.usgs.gov/earthquakes/feed/v1.0/detail/ak2026aelrlx.geojson","felt":null,"cdi":null,"mmi":null,"alert":null,"status":"automatic","tsunami":0,"sig":112,"net":"ak","code":"2026aelrlx","ids":",ak2026aelrlx,","sources":",ak,","types":",origin,phase-data,","nst":19,"dmin":0.5,"rms":0.6,"gap":185,"magType":"ml","type":"earthquake","title":"M 2.7 - 52 km SE of Chignik, Alaska"},"geometry":{"type":"Point","coordinates":[-157.894,55.923,36.7]},"id":"ak2026aelrlx"},
{"type":"Feature","properties":{"mag":0.64,"place":"3 km SW of Ocotillo, CA","time":1767434896310,"updated":1767435113776,"tz":null,"url":"https://earthquake.usgs.gov/earthquakes/eventpage/ci41151575","detail":"https://earthquake.usgs.gov/earthquakes/feed/v1.0/detail/ci41151575.geojson","felt":null,"cdi":null,"mmi":null,"alert":null,"status":"automatic","tsunami":0,"sig":6,"net":"ci","code":"41151575","ids":",ci41151575,","sources":",ci,","types":",nearby-cities,origin,phase-data,scitech-link,","nst":22,"dmin":0.02793,"rms":0.19,"gap":75,"magType":"ml","type":"earthquake","title":"M 0.6 - 3 km SW of Ocotillo, CA"},"geometry":{"type":"Point","coordinates":[-116.013333333333,32.72,11.73]},"id":"ci41151575"},
{"type":"Feature","properties":{"mag":5.9,"place":"southeast Indian Ridge","time":1767434876003,"updated":1767443473874,"tz":null,"url":"https://earthquake.usgs.gov/earthquakes/eventpage/us7000rm8t","detail":"https://earthquake.usgs.gov/earthquakes/feed/v1.0/detail/us7000rm8t.geojson","felt":null,"cdi":null,"mmi":0,"alert":"green","status":"reviewed","tsunami":0,"sig":536,"net":"us","code":"7000rm8t","ids":",us7000rm8t,","sources":",us,","types":",losspager,moment-tensor,origin,phase-data,shakemap,","nst":42,"dmin":20.287,"rms":0.91,"gap":50,"magType":"mww","type":"earthquake","title":"M 5.9 - southeast Indian Ridge"},"geometry":{"type":"Point","coordinates":[96.4723,-45.4026,10]},"id":"us7000rm8t"},
{"type":"Feature","properties":{"mag":2.7,"place":"60 km WNW of Elfin Cove, Alaska","time":1767434675521,"updated":1767434822065,"tz":null,"url":"https://earthquake.usgs.gov/earthquakes/eventpage/ak2026aelmsm","detail":"https://earthquake.usgs.gov/earthquakes/feed/v1.0/detail/ak2026aelmsm.geojson","felt":null,"cdi":null,"mmi":null,"alert":null,"status":"automatic","tsunami":0,"sig":112,"net":"ak","code":"2026aelmsm","ids":",ak2026aelmsm,","sources":",ak,","types":",origin,phase-data,","nst":12,"dmin":0.7,"rms":0.6,"gap":164,"magType":"ml","type":"earthquake","title":"M 2.7 - 60 km WNW of Elfin Cove, Alaska"},"geometry":{"type":"Point","coordinates":[-137.329,58.35,9.2]},"id":"ak2026aelmsm"},
{"type":"Feature","properties":{"mag":2.1,"place":"23 km WNW of Petersville, Alaska","time":1767434617645,"updated":1767465690355,"tz":null,"url":"https://earthquake.usgs.gov/earthquakes/eventpage/ak2026aelmbb","detail":"https://earthquake.usgs.gov/earthquakes/feed/v1.0/detail/ak2026aelmbb.geojson","felt":null,"cdi":null,"mmi":null,"alert":null,"status":"automatic","tsunami":0,"sig":68,"net":"ak","code":"2026aelmbb","ids":",ak2026aelmbb,","sources":",ak,","types":",origin,phase-data,","nst":16,"dmin":0.5,"rms":0.9,"gap":102,"magType":"ml","type":"earthquake","title":"M 2.1 - 23 km WNW of Petersville, Alaska"},"geometry":{"type":"Point","coordinates":[-151.178,62.586,81.5]},"id":"ak2026aelmbb"},
{"type":"Feature","properties":{"mag":1.8,"place":"14 km NNW of Four Mile Road, Alaska","time":1767434533883,"updated":1767434664053,"tz":null,"url":"https://earthquake.usgs.gov/earthquakes/eventpage/ak2026aelkss","detail":"https://earthquake.usgs.gov/earthquakes/feed/v1.0/detail/ak2026aelkss.geojson","felt":null,"cdi":null,"mmi":null,"alert":null,"status":"automatic","tsunami":0,"sig":50,"net":"ak","code":"2026aelkss","ids":",ak2026aelkss,","sources":",ak,","types":",origin,phase-data,","nst":13,"dmin":0.2,"rms":0.4,"gap":189,"magType":"ml","type":"earthquake","title":"M 1.8 - 14 km NNW of Four Mile Road, Alaska"},"geometry":{"type":"Point","coordinates":[-149.283,64.711,26.5]},"id":"ak2026aelkss"},
{"type":"Feature","properties":{"mag":2.1,"place":"104 km W of Skwentna, Alaska","time":1767434455656,"updated":1767434572045,"tz":null,"url":"https://earthquake.usgs.gov/earthquakes/eventpage/ak2026aeljpj","detail":"https://earthquake.usgs.gov/earthquakes/feed/v1.0/detail/ak2026aeljpj.geojson","felt":null,"cdi":null,"mmi":null,"alert":null,"status":"automatic","tsunami":0,"sig":68,"net":"ak","code":"2026aeljpj","ids":",ak2026aeljpj,","sources":",ak,","types":",origin,phase-data,","nst":39,"dmin":0.7,"rms":0.6,"gap":58,"magType":"ml","type":"earthquake","title":"M 2.1 - 104 km W of Skwentna, Alaska"},"geometry":{"type":"Point","coordinates":[-153.371,62.139,5]},"id":"ak2026aeljpj"},
{"type":"Feature","properties":{"mag":0.29,"place":"11 km WSW of Anza, CA","time":1767434225480,"updated":1767434446464,"tz":null,"url":"https://earthquake.usgs.gov/earthquakes/eventpage/ci41151567","detail":"https://earthquake.usgs.gov/earthquakes/feed/v1.0/detail/ci41151567.geojson","felt":null,"cdi":null,"mmi":null,"alert":null,"status":"automatic","tsunami":0,"sig":1,"net":"ci","code":"41151567","ids":",ci41151567,","sources":",ci,","types":",nearby-cities,origin,phase-data,scitech-link,","nst":26,"dmin":0.02736,"rms":0.15,"gap":50,"magType":"ml","type":"earthquake","title":"M 0.3 - 11 km WSW of Anza, CA"},"geometry":{"type":"Point","coordinates":[-116.776166666667,33.5081666666667,7.89]},"id":"ci41151567"},
{"type":"Feature","properties":{"mag":1.7,"place":"77 km NW of Yakutat, Alaska","time":1767434151078,"updated":1767434335025,"tz":null,"url":"https://earthquake.usgs.gov/earthquakes/eventpage/ak2026aelffi","detail":"https://earthquake.usgs.gov/earthquakes/feed/v1.0/detail/ak2026aelffi.geojson","felt":null,"cdi":null,"mmi":null,"alert":null,"status":"automatic","tsunami":0,"sig":44,"net":"ak","code":"2026aelffi","ids":",ak2026aelffi,","sources":",ak,","types":",origin,phase-data,","nst":8,"dmin":0.3,"rms":0.7,"gap":194,"magType":"ml","type":"earthquake","title":"M 1.7 - 77 km NW of Yakutat, Alaska"},"geometry":{"type":"Point","coordinates":[-140.829,59.97,18.6]},"id":"ak2026aelffi"},
{"type":"Feature","properties":{"mag":3.6,"place":"Rat Islands, Aleutian Islands, Alaska","time":1767433495003,"updated":1767465632056,"tz":null,"url":"https://earthquake.usgs.gov/earthquakes/eventpage/ak2026aekvun","detail":"https://earthquake.usgs.gov/earthquakes/feed/v1.0/detail/ak2026aekvun.geojson","felt":null,"cdi":null,"mmi":2.377,"alert":null,"status":"reviewed","tsunami":0,"sig":199,"net":"ak","code":"2026aekvun","ids":",ak2026aekvun,","sources":",ak,","types":",origin,phase-data,shakemap,","nst":29,"dmin":0.4,"rms":0.7,"gap":268,"magType":"ml","type":"earthquake","title":"M 3.6 - Rat Islands, Aleutian Islands, Alaska"},"geometry":{"type":"Point","coordinates":[178.73,51.302,1.2]},"id":"ak2026aekvun"},
{"type":"Feature","properties":{"mag":1.9,"place":"55 km SSW of Whites City, New Mexico","time":1767433382365,"updated":1767433541823,"tz":null,"url":"https://earthquake.usgs.gov/earthquakes/eventpage/tx2026aekuew","detail":"https://earthquake.usgs.gov/earthquakes/feed/v1.0/detail/tx2026aekuew.geojson","felt":null,"cdi":null,"mmi":null,"alert":null,"status":"automatic","tsunami":0,"sig":56,"net":"tx","code":"2026aekuew","ids":",tx2026aekuew,","sources":",tx,","types":",origin,phase-data,","nst":22,"dmin":0,"rms":0.4,"gap":122,"magType":"ml","type":"earthquake","title":"M 1.9 - 55 km SSW of Whites City, New Mexico"},"geometry":{"type":"Point","coordinates":[-104.555,31.697,4.2426]},"id":"tx2026aekuew"},
{"type":"Feature","properties":{"mag":1.5,"place":"23 km SSW of Westbrook, Texas","time":1767432352818,"updated":1767442587987,"tz":null,"url":"https://earthquake.usgs.gov/earthquakes/eventpage/tx2026aekfiq","detail":"https://earthquake.usgs.gov/earthquakes/feed/v1.0/detail/tx2026aekfiq.geojson","felt":null,"cdi":null,"mmi":null,"alert":null,"status":"automatic","tsunami":0,"sig":35,"net":"tx","code":"2026aekfiq","ids":",tx2026aekfiq,","sources":",tx,","types":",origin,phase-data,","nst":27,"dmin":0.2,"rms":0.4,"gap":83,"magType":"ml","type":"earthquake","title":"M 1.5 - 23 km SSW of Westbrook, Texas"},"geometry":{"type":"Point","coordinates":[-101.063,32.148,2.4219]},"id":"tx2026aekfiq"},
{"type":"Feature","properties":{"mag":2.1,"place":"41 km NW of Ninilchik, Alaska","time":1767432075133,"updated":1767432191940,"tz":null,"url":"https://earthquake.usgs.gov/earthquakes/eventpage/ak2026aekbkg","detail":"https://earthquake.usgs.gov/earthquakes/feed/v1.0/detail/ak2026aekbkg.geojson","felt":null,"cdi":null,"mmi":null,"alert":null,"status":"automatic","tsunami":0,"sig":68,"net":"ak","code":"2026aekbkg","ids":",ak2026aekbkg,","sources":",ak,","types":",origin,phase-data,","nst":71,"dmin":0.3,"rms":0.6,"gap":56,"magType":"ml","type":"earthquake","title":"M 2.1 - 41 km NW of Ninilchik, Alaska"},"geometry":{"type":"Point","coordinates":[-152.277,60.268,90.2]},"id":"ak2026aekbkg"},
{"type":"Feature","properties":{"mag":0.99,"place":"3 km NNE of Ocotillo Wells, CA","time":1767431325760,"updated":1767431546383,"tz":null,"url":"https://earthquake.usgs.gov/earthquakes/eventpage/ci41151559","detail":"https://earthquake.usgs.gov/earthquakes/feed/v1.0/detail/ci41151559.geojson","felt":null,"cdi":null,"mmi":null,"alert":null,"status":"automatic","tsunami":0,"sig":15,"net":"ci","code":"41151559","ids":",ci41151559,","sources":",ci,","types":",nearby-cities,origin,phase-data,scitech-link,","nst":53,"dmin":0.04569,"rms":0.21,"gap":32,"magType":"ml","type":"earthquake","title":"M 1.0 - 3 km NNE of Ocotillo Wells, CA"},"geometry":{"type":"Point","coordinates":[-116.115833333333,33.1691666666667,10.5]},"id":"ci41151559"},
{"type":"Feature","properties":{"mag":2.1,"place":"50 km W of Tyonek, Alaska","time":1767431015294,"updated":1767431298768,"tz":null,"url":"https://earthquake.usgs.gov/earthquakes/eventpage/ak2026aejjtk","detail":"https://earthquake.usgs.gov/earthquakes/feed/v1.0/detail/ak2026aejjtk.geojson","felt":null,"cdi":null,"mmi":null,"alert":null,"status":"automatic","tsunami":0,"sig":68,"net":"ak","code":"2026aejjtk","ids":",ak2026aejjtk,","sources":",ak,","types":",origin,phase-data,","nst":33,"dmin":0,"rms":0.6,"gap":79,"magType":"ml","type":"earthquake","title":"M 2.1 - 50 km W of Tyonek, Alaska"},"geometry":{"type":"Point","coordinates":[-152.069,61.133,97.4]},"id":"ak2026aejjtk"},
{"type":"Feature","properties":{"mag":1.9,"place":"14 km WSW of Big Lake, Alaska","time":1767430234190,"updated":1767430330692,"tz":null,"url":"https://earthquake.usgs.gov/earthquakes/eventpage/ak2026aejayw","detail":"https://earthquake.usgs.gov/earthquakes/feed/v1.0/detail/ak2026aejayw.geojson","felt":null,"cdi":null,"mmi":null,"alert":null,"status":"automatic","tsunami":0,"sig":56,"net":"ak","code":"2026aejayw","ids":",ak2026aejayw,","sources":",ak,","types":",origin,phase-data,","nst":35,"dmin":0.3,"rms":0.7,"gap":28,"magType":"ml","type":"earthquake","title":"M 1.9 - 14 km WSW of Big Lake, Alaska"},"geometry":{"type":"Point","coordinates":[-150.216,61.483,29.2]},"id":"ak2026aejayw"},
{"type":"Feature","properties":{"mag":4.5,"place":"29 km SSE of San Miguel, Ecuador","time":1767430009399,"updated":1767431113040,"tz":null,"url":"https://earthquake.usgs.gov/earthquakes/eventpage/us7000rm8f","detail":"https://earthquake.usgs.gov/earthquakes/feed/v1.0/detail/us7000rm8f.geojson","felt":null,"cdi":null,"mmi":null,"alert":null,"status":"reviewed","tsunami":0,"sig":312,"net":"us","code":"7000rm8f","ids":",us7000rm8f,","sources":",us,","types":",origin,phase-data,","nst":47,"dmin":0.642,"rms":0.98,"gap":102,"magType":"mb","type":"earthquake","title":"M 4.5 - 29 km SSE of San Miguel, Ecuador"},"geometry":{"type":"Point","coordinates":[-78.8955,-1.9321,10]},"id":"us7000rm8f"},
{"type":"Feature","properties":{"mag":1.73,"place":"14 km S of Fern Forest, Hawaii","time":1767429812700,"updated":1767430063690,"tz":null,"url":"https://earthquake.usgs.gov/earthquakes/eventpage/hv74868162","detail":"https://earthquake.usgs.gov/earthquakes/feed/v1.0/detail/hv74868162.geojson","felt":null,"cdi":null,"mmi":null,"alert":null,"status":"automatic","tsunami":0,"sig":46,"net":"hv","code":"74868162","ids":",hv74868162,","sources":",hv,","types":",origin,phase-data,","nst":42,"dmin":0.04918,"rms":0.200000003,"gap":117,"magType":"ml","type":"earthquake","title":"M 1.7 - 14 km S of Fern Forest, Hawaii"},"geometry":{"type":"Point","coordinates":[-155.122497558594,19.3355007171631,2.73000001907349]},"id":"hv74868162"},
{"type":"Feature","properties":{"mag":0.57,"place":"9 km SW of Idyllwild, CA","time":1767429658360,"updated":1767429880791,"tz":null,"url":"https://earthquake.usgs.gov/earthquakes/eventpage/ci41151551","detail":"https://earthquake.usgs.gov/earthquakes/feed/v1.0/detail/ci41151551.geojson","felt":null,"cdi":null,"mmi":null,"alert":null,"status":"automatic","tsunami":0,"sig":5,"net":"ci","code":"41151551","ids":",ci41151551,","sources":",ci,","types":",nearby-cities,origin,phase-data,scitech-link,","nst":32,"dmin":0.06981,"rms":0.17,"gap":74,"magType":"ml","type":"earthquake","title":"M 0.6 - 9 km SW of Idyllwild, CA"},"geometry":{"type":"Point","coordinates":[-116.791333333333,33.6816666666667,17.54]},"id":"ci41151551"},
{"type":"Feature","properties":{"mag":1.74,"place":"7 km NNE of Pāhala, Hawaii","time":1767429476670,"updated":1767429686030,"tz":null,"url":"https://earthquake.usgs.gov/earthquakes/eventpage/hv74868152","detail":"https://earthquake.usgs.gov/earthquakes/feed/v1.0/detail/hv74868152.geojson","felt":null,"cdi":null,"mmi":null,"alert":null,"status":"automatic","tsunami":0,"sig":47,"net":"hv","code":"74868152","ids":",hv74868152,","sources":",hv,","types":",origin,phase-data,","nst":39,"dmin":0.04618,"rms":0.100000001,"gap":67,"magType":"md","type":"earthquake","title":"M 1.7 - 7 km NNE of Pāhala, Hawaii"},"geometry":{"type":"Point","coordinates":[-155.453826904297,19.2661666870117,29.4099998474121]},"id":"hv74868152"},
{"type":"Feature","properties":{"mag":2.7,"place":"96 km SW of Akhiok, Alaska","time":1767429369964,"updated":1767444573040,"tz":null,"url":"https://earthquake.usgs.gov/earthquakes/eventpage/ak2026aeiopr","detail":"https://earthquake.usgs.gov/earthquakes/feed/v1.0/detail/ak2026aeiopr.geojson","felt":null,"cdi":null,"mmi":null,"alert":null,"status":"automatic","tsunami":0,"sig":112,"net":"ak","code":"2026aeiopr","ids":",us7000rm8d,ak2026aeiopr,","sources":",us,ak,","types":",origin,phase-data,","nst":18,"dmin":0.5,"rms":1.2,"gap":156,"magType":"ml","type":"earthquake","title":"M 2.7 - 96 km SW of Akhiok, Alaska"},"geometry":{"type":"Point","coordinates":[-155.106,56.251,28.5]},"id":"ak2026aeiopr"},
{"type":"Feature","properties":{"mag":1.8,"place":"47 km SSE of Denali National Park, Alaska","time":1767429229022,"updated":1767465207543,"tz":null,"url":"https://earthquake.usgs.gov/earthquakes/eventpage/ak2026aeimnv","detail":"https://earthquake.usgs.gov/earthquakes/feed/v1.0/detail/ak2026aeimnv.geojson","felt":null,"cdi":null,"mmi":null,"alert":null,"status":"automatic","tsunami":0,"sig":50,"net":"ak","code":"2026aeimnv","ids":",ak2026aeimnv,","sources":",ak,","types":",origin,phase-data,","nst":24,"dmin":0.4,"rms":0.8,"gap":94,"magType":"ml","type":"earthquake","title":"M 1.8 - 47 km SSE of Denali National Park, Alaska"},"geometry":{"type":"Point","coordinates":[-151.331,63.151,5]},"id":"ak2026aeimnv"},
{"type":"Feature","properties":{"mag":2,"place":"72 km W of Karluk, Alaska","time":1767429010860,"updated":1767429119593,"tz":null,"url":"https://earthquake.usgs.gov/earthquakes/eventpage/ak2026aeijio","detail":"https://earthquake.usgs.gov/earthquakes/feed/v1.0/detail/ak2026aeijio.geojson","felt":null,"cdi":null,"mmi":null,"alert":null,"status":"automatic","tsunami":0,"sig":62,"net":"ak","code":"2026aeijio","ids":",ak2026aeijio,","sources":",ak,","types":",origin,phase-data,","nst":19,"dmin":0.4,"rms":0.7,"gap":213,"magType":"ml","type":"earthquake","title":"M 2.0 - 72 km W of Karluk, Alaska"},"geometry":{"type":"Point","coordinates":[-155.658,57.468,72.9]},"id":"ak2026aeijio"},
{"type":"Feature","properties":{"mag":2.8,"place":"6 km SSE of South Van Horn, Alaska","time":1767428404371,"updated":1767465082533,"tz":null,"url":"https://earthquake.usgs.gov/earthquakes/eventpage/ak2026aeiart","detail":"https://earthquake.usgs.gov/earthquakes/feed/v1.0/detail/ak2026aeiart.geojson","felt":13,"cdi":2.7,"mmi":null,"alert":null,"status":"reviewed","tsunami":0,"sig":124,"net":"ak","code":"2026aeiart","ids":",ak2026aeiart,us7000rm8a,","sources":",ak,us,","types":",dyfi,origin,phase-data,","nst":41,"dmin":0.1,"rms":1,"gap":37,"magType":"ml","type":"earthquake","title":"M 2.8 - 6 km SSE of South Van Horn, Alaska"},"geometry":{"type":"Point","coordinates":[-147.737,64.753,18.9]},"id":"ak2026aeiart"},
{"type":"Feature","properties":{"mag":0.18,"place":"5 km WSW of Anza, CA","time":1767428316270,"updated":1767428539683,"tz":null,"url":"https://earthquake.usgs.gov/earthquakes/eventpage/ci41151543","detail":"https://earthquake.usgs.gov/earthquakes/feed/v1.0/detail/ci41151543.geojson","felt":null,"cdi":null,"mmi":null,"alert":null,"status":"automatic","tsunami":0,"sig":0,"net":"ci","code":"41151543","ids":",ci41151543,","sources":",ci,","types":",nearby-cities,origin,phase-data,scitech-link,","nst":17,"dmin":0.03491,"rms":0.09,"gap":55,"magType":"ml","type":"earthquake","title":"M 0.2 - 5 km WSW of Anza, CA"},"geometry":{"type":"Point","coordinates":[-116.718833333333,33.534,5.98]},"id":"ci41151543"},
{"type":"Feature","properties":{"mag":2.2,"place":"6 km WNW of Rotan, Texas","time":1767427510729,"updated":1767427741460,"tz":null,"url":"https://earthquake.usgs.gov/earthquakes/eventpage/tx2026aehnwe","detail":"https://earthquake.usgs.gov/earthquakes/feed/v1.0/detail/tx2026aehnwe.geojson","felt":null,"cdi":null,"mmi":null,"alert":null,"status":"automatic","tsunami":0,"sig":74,"net":"tx","code":"2026aehnwe","ids":",tx2026aehnwe,","sources":",tx,","types":",origin,phase-data,","nst":16,"dmin":0.1,"rms":0.6,"gap":146,"magType":"ml","type":"earthquake","title":"M 2.2 - 6 km WNW of Rotan, Texas"},"geometry":{"type":"Point","coordinates":[-100.532,32.872,1.7262]},"id":"tx2026aehnwe"},
{"type":"Feature","properties":{"mag":2.03,"place":"18 km WSW of Johannesburg, CA","time":1767426226400,"updated":1767426458593,"tz":null,"url":"https://earthquake.usgs.gov/earthquakes/eventpage/ci41151535","detail":"https://earthquake.usgs.gov/earthquakes/feed/v1.0/detail/ci41151535.geojson","felt":null,"cdi":null,"mmi":null,"alert":null,"status":"automatic","tsunami":0,"sig":63,"net":"ci","code":"41151535","ids":",ci41151535,","sources":",ci,","types":",nearby-cities,origin,phase-data,scitech-link,","nst":55,"dmin":0.04621,"rms":0.16,"gap":33,"magType":"ml","type":"earthquake","title":"M 2.0 - 18 km WSW of Johannesburg, CA"},"geometry":{"type":"Point","coordinates":[-117.808,35.3018333333333,7.6]},"id":"ci41151535"},
{"type":"Feature","properties":{"mag":0.45,"place":"9 km SW of Idyllwild, CA","time":1767425989740,"updated":1767426203794,"tz":null,"url":"https://earthquake.usgs.gov/earthquakes/eventpage/ci41151527","detail":"https://earthquake.usgs.gov/earthquakes/feed/v1.0/detail/ci41151527.geojson","felt":null,"cdi":null,"mmi":null,"alert":null,"status":"automatic","tsunami":0,"sig":3,"net":"ci","code":"41151527","ids":",ci41151527,","sources":",ci,","types":",nearby-cities,origin,phase-data,scitech-link,","nst":30,"dmin":0.07066,"rms":0.14,"gap":72,"magType":"ml","type":"earthquake","title":"M 0.5 - 9 km SW of Idyllwild, CA"},"geometry":{"type":"Point","coordinates":[-116.786833333333,33.681,14.09]},"id":"ci41151527"},
{"type":"Feature","properties":{"mag":2.6,"place":"135 km E of Chignik, Alaska","time":1767425649564,"updated":1767425812925,"tz":null,"url":"https://earthquake.usgs.gov/earthquakes/eventpage/ak2026aegneq","detail":"https://earthquake.usgs.gov/earthquakes/feed/v1.0/detail/ak2026aegneq.geojson","felt":null,"cdi":null,"mmi":null,"alert":null,"status":"automatic","tsunami":0,"sig":104,"net":"ak","code":"2026aegneq","ids":",ak2026aegneq,","sources":",ak,","types":",origin,phase-data,","nst":29,"dmin":0.6,"rms":0.8,"gap":104,"magType":"ml","type":"earthquake","title":"M 2.6 - 135 km E of Chignik, Alaska"},"geometry":{"type":"Point","coordinates":[-156.213,56.331,76.9]},"id":"ak2026aegneq"},
{"type":"Feature","properties":{"mag":0.7,"place":"62 km E of Port Alsworth, Alaska","time":1767425128043,"updated":1767425809923,"tz":null,"url":"https://earthquake.usgs.gov/earthquakes/eventpage/ak2026aegfqj","detail":"https://earthquake.usgs.gov/earthquakes/feed/v1.0/detail/ak2026aegfqj.geojson","felt":null,"cdi":null,"mmi":null,"alert":null,"status":"automatic","tsunami":0,"sig":8,"net":"ak","code":"2026aegfqj","ids":",ak2026aegfqj,","sources":",ak,","types":",origin,","nst":6,"dmin":0.2,"rms":0.2,"gap":245,"magType":"ml","type":"earthquake","title":"M 0.7 - 62 km E of Port Alsworth, Alaska"},"geometry":{"type":"Point","coordinates":[-153.183,60.22,5]},"id":"ak2026aegfqj"},
{"type":"Feature","properties":{"mag":2.18,"place":"1 km SE of Palomas, Puerto Rico","time":1767425088050,"updated":1767425745760,"tz":null,"url":"https://earthquake.usgs.gov/earthquakes/eventpage/pr71503758","detail":"https://earthquake.usgs.gov/earthquakes/feed/v1.0/detail/pr71503758.geojson","felt":null,"cdi":null,"mmi":null,"alert":null,"status":"reviewed","tsunami":0,"sig":73,"net":"pr","code":"71503758","ids":",pr71503758,","sources":",pr,","types":",origin,phase-data,","nst":6,"dmin":0.03442,"rms":0.18,"gap":130,"magType":"md","type":"earthquake","title":"M 2.2 - 1 km SE of Palomas, Puerto Rico"},"geometry":{"type":"Point","coordinates":[-66.8641666666667,18.0065,12.36]},"id":"pr71503758"},
{"type":"Feature","properties":{"mag":1.7,"place":"52 km W of Tyonek, Alaska","time":1767424780887,"updated":1767424908506,"tz":null,"url":"https://earthquake.usgs.gov/earthquakes/eventpage/ak2026aegaos","detail":"https://earthquake.usgs.gov/earthquakes/feed/v1.0/detail/ak2026aegaos.geojson","felt":null,"cdi":null,"mmi":null,"alert":null,"status":"automatic","tsunami":0,"sig":44,"net":"ak","code":"2026aegaos","ids":",ak2026aegaos,","sources":",ak,","types":",origin,phase-data,","nst":37,"dmin":0.2,"rms":0.5,"gap":85,"magType":"ml","type":"earthquake","title":"M 1.7 - 52 km W of Tyonek, Alaska"},"geometry":{"type":"Point","coordinates":[-152.111,61.031,99.7]},"id":"ak2026aegaos"},
{"type":"Feature","properties":{"mag":4.6,"place":"189 km E of Kokopo, Papua New Guinea","time":1767423971438,"updated":1767424827040,"tz":null,"url":"https://earthquake.usgs.gov/earthquakes/eventpage/us7000rm84","detail":"https://earthquake.usgs.gov/earthquakes/feed/v1.0/detail/us7000rm84.geojson","felt":null,"cdi":null,"mmi":null,"alert":null,"status":"reviewed","tsunami":0,"sig":326,"net":"us","code":"7000rm84","ids":",us7000rm84,","sources":",us,","types":",origin,phase-data,","nst":43,"dmin":1.824,"rms":0.97,"gap":90,"magType":"mb","type":"earthquake","title":"M 4.6 - 189 km E of Kokopo, Papua New Guinea"},"geometry":{"type":"Point","coordinates":[153.973,-4.4631,381.671]},"id":"us7000rm84"},
{"type":"Feature","properties":{"mag":1.14,"place":"16 km SW of Westmorland, CA","time":1767423618630,"updated":1767423838592,"tz":null,"url":"https://earthquake.usgs.gov/earthquakes/eventpage/ci41151519","detail":"https://earthquake.usgs.gov/earthquakes/feed/v1.0/detail/ci41151519.geojson","felt":null,"cdi":null,"mmi":null,"alert":null,"status":"automatic","tsunami":0,"sig":20,"net":"ci","code":"41151519","ids":",ci41151519,","sources":",ci,","types":",nearby-cities,origin,phase-data,scitech-link,","nst":31,"dmin":0.0563,"rms":0.21,"gap":58,"magType":"ml","type":"earthquake","title":"M 1.1 - 16 km SW of Westmorland, CA"},"geometry":{"type":"Point","coordinates":[-115.737166666667,32.9253333333333,7.16]},"id":"ci41151519"},
{"type":"Feature","properties":{"mag":1.2,"place":"5 km SSE of Coahoma, Texas","time":1767423449138,"updated":1767442545490,"tz":null,"url":"https://earthquake.usgs.gov/earthquakes/eventpage/tx2026aefhnl","detail":"https://earthquake.usgs.gov/earthquakes/feed/v1.0/detail/tx2026aefhnl.geojson","felt":null,"cdi":null,"mmi":null,"alert":null,"status":"automatic","tsunami":0,"sig":22,"net":"tx","code":"2026aefhnl","ids":",tx2026aefhnl,","sources":",tx,","types":",origin,phase-data,","nst":13,"dmin":0.1,"rms":0.2,"gap":103,"magType":"ml","type":"earthquake","title":"M 1.2 - 5 km SSE of Coahoma, Texas"},"geometry":{"type":"Point","coordinates":[-101.284,32.246,3.4707]},"id":"tx2026aefhnl"},
{"type":"Feature","properties":{"mag":1.09,"place":"1 km NNW of Loma Linda, CA","time":1767422921370,"updated":1767423145138,"tz":null,"url":"https://earthquake.usgs.gov/earthquakes/eventpage/ci41151511","detail":"https://earthquake.usgs.gov/earthquakes/feed/v1.0/detail/ci41151511.geojson","felt":null,"cdi":null,"mmi":null,"alert":null,"status":"automatic","tsunami":0,"sig":18,"net":"ci","code":"41151511","ids":",ci41151511,","sources":",ci,","types":",nearby-cities,origin,phase-data,scitech-link,","nst":58,"dmin":0.05304,"rms":0.18,"gap":61,"magType":"ml","type":"earthquake","title":"M 1.1 - 1 km NNW of Loma Linda, CA"},"geometry":{"type":"Point","coordinates":[-117.265,34.0543333333333,16.79]},"id":"ci41151511"},
{"type":"Feature","properties":{"mag":2.84,"place":"2 km NW of Levittown, Puerto Rico","time":1767421391970,"updated":1767422306480,"tz":null,"url":"https://earthquake.usgs.gov/earthquakes/eventpage/pr71503753","detail":"https://earthquake.usgs.gov/earthquakes/feed/v1.0/detail/pr71503753.geojson","felt":null,"cdi":null,"mmi":null,"alert":null,"status":"reviewed","tsunami":0,"sig":124,"net":"pr","code":"71503753","ids":",pr71503753,","sources":",pr,","types":",origin,phase-data,","nst":12,"dmin":0.3551,"rms":0.27,"gap":197,"magType":"md","type":"earthquake","title":"M 2.8 - 2 km NW of Levittown, Puerto Rico"},"geometry":{"type":"Point","coordinates":[-66.1996666666667,18.463,100.88]},"id":"pr71503753"},
{"type":"Feature","properties":{"mag":4.7,"place":"123 km NNW of Houma, Tonga","time":1767420996406,"updated":1767422481040,"tz":null,"url":"https://earthquake.usgs.gov/earthquakes/eventpage/us7000rm7z","detail":"https://earthquake.usgs.gov/earthquakes/feed/v1.0/detail/us7000rm7z.geojson","felt":null,"cdi":null,"mmi":null,"alert":null,"status":"reviewed","tsunami":0,"sig":340,"net":"us","code":"7000rm7z","ids":",us7000rm7z,","sources":",us,","types":",origin,phase-data,","nst":67,"dmin":5.755,"rms":0.66,"gap":104,"magType":"mb","type":"earthquake","title":"M 4.7 - 123 km NNW of Houma, Tonga"},"geometry":{"type":"Point","coordinates":[-175.9145,-20.2153,190.024]},"id":"us7000rm7z"},
{"type":"Feature","properties":{"mag":4.7,"place":"116 km NW of Hihifo, Tonga","time":1767420870185,"updated":1767422612040,"tz":null,"url":"https://earthquake.usgs.gov/earthquakes/eventpage/us7000rm7y","detail":"https://earthquake.usgs.gov/earthquakes/feed/v1.0/detail/us7000rm7y.geojson","felt":null,"cdi":null,"mmi":null,"alert":null,"status":"reviewed","tsunami":0,"sig":340,"net":"us","code":"7000rm7y","ids":",us7000rm7y,","sources":",us,","types":",origin,phase-data,","nst":30,"dmin":3.168,"rms":0.65,"gap":80,"magType":"mb","type":"earthquake","title":"M 4.7 - 116 km NW of Hihifo, Tonga"},"geometry":{"type":"Point","coordinates":[-174.6938,-15.3638,281.024]},"id":"us7000rm7y"},
{"type":"Feature","properties":{"mag":0.93,"place":"14 km W of Johannesburg, CA","time":1767420574620,"updated":1767420794978,"tz":null,"url":"https://earthquake.usgs.gov/earthquakes/eventpage/ci41151503","detail":"https://earthquake.usgs.gov/earthquakes/feed/v1.0/detail/ci41151503.geojson","felt":null,"cdi":null,"mmi":null,"alert":null,"status":"automatic","tsunami":0,"sig":13,"net":"ci","code":"41151503","ids":",ci41151503,","sources":",ci,","types":",nearby-cities,origin,phase-data,scitech-link,","nst":38,"dmin":0.1027,"rms":0.18,"gap":46,"magType":"ml","type":"earthquake","title":"M 0.9 - 14 km W of Johannesburg, CA"},"geometry":{"type":"Point","coordinates":[-117.783333333333,35.3566666666667,4.54]},"id":"ci41151503"},
{"type":"Feature","properties":{"mag":1.82,"place":"15 km WNW of Volcano, Hawaii","time":1767420503500,"updated":1767420795080,"tz":null,"url":"https://earthquake.usgs.gov/earthquakes/eventpage/hv74868107","detail":"https://earthquake.usgs.gov/earthquakes/feed/v1.0/detail/hv74868107.geojson","felt":null,"cdi":null,"mmi":null,"alert":null,"status":"automatic","tsunami":0,"sig":51,"net":"hv","code":"74868107","ids":",hv74868107,","sources":",hv,","types":",origin,phase-data,","nst":44,"dmin":0.0169,"rms":0.140000001,"gap":54,"magType":"md","type":"earthquake","title":"M 1.8 - 15 km WNW of Volcano, Hawaii"},"geometry":{"type":"Point","coordinates":[-155.36833190918,19.49049949646,10.9799995422363]},"id":"hv74868107"},
{"type":"Feature","properties":{"mag":1.73,"place":"6 km WSW of Newland, North Carolina","time":1767420372150,"updated":1767460181028,"tz":null,"url":"https://earthquake.usgs.gov/earthquakes/eventpage/se60504768","detail":"https://earthquake.usgs.gov/earthquakes/feed/v1.0/detail/se60504768.geojson","felt":1,"cdi":2.2,"mmi":null,"alert":null,"status":"reviewed","tsunami":0,"sig":46,"net":"se","code":"60504768","ids":",se60504768,","sources":",se,","types":",dyfi,origin,phase-data,","nst":6,"dmin":0.1608,"rms":0.08,"gap":161,"magType":"md","type":"earthquake","title":"M 1.7 - 6 km WSW of Newland, North Carolina"},"geometry":{"type":"Point","coordinates":[-81.9986666666667,36.0691666666667,1.94]},"id":"se60504768"},
{"type":"Feature","properties":{"mag":2.14,"place":"7 km NW of The Geysers, CA","time":1767420216850,"updated":1767421639984,"tz":null,"url":"https://earthquake.usgs.gov/earthquakes/eventpage/nc75290146","detail":"https://earthquake.usgs.gov/earthquakes/feed/v1.0/detail/nc75290146.geojson","felt":null,"cdi":null,"mmi":null,"alert":null,"status":"automatic","tsunami":0,"sig":70,"net":"nc","code":"75290146","ids":",nc75290146,","sources":",nc,","types":",focal-mechanism,nearby-cities,origin,phase-data,scitech-link,","nst":35,"dmin":0.004217,"rms":0.03,"gap":40,"magType":"md","type":"earthquake","title":"M 2.1 - 7 km NW of The Geysers, CA"},"geometry":{"type":"Point","coordinates":[-122.8125,38.8271675109863,2.02999997138977]},"id":"nc75290146"},
{"type":"Feature","properties":{"mag":2,"place":"54 km NNW of Petersville, Alaska","time":1767420104517,"updated":1767420221120,"tz":null,"url":"https://earthquake.usgs.gov/earthquakes/eventpage/ak2026aedlmo","detail":"https://earthquake.usgs.gov/earthquakes/feed/v1.0/detail/ak2026aedlmo.geojson","felt":null,"cdi":null,"mmi":null,"alert":null,"status":"automatic","tsunami":0,"sig":62,"net":"ak","code":"2026aedlmo","ids":",ak2026aedlmo,","sources":",ak,","types":",origin,phase-data,","nst":36,"dmin":0.4,"rms":0.6,"gap":76,"magType":"ml","type":"earthquake","title":"M 2.0 - 54 km NNW of Petersville, Alaska"},"geometry":{"type":"Point","coordinates":[-151.287,62.921,110.4]},"id":"ak2026aedlmo"},
{"type":"Feature","properties":{"mag":0.5,"place":"84 km NNW of Karluk, Alaska","time":1767419357755,"updated":1767419521060,"tz":null,"url":"https://earthquake.usgs.gov/earthquakes/eventpage/ak2026aecztw","detail":"https://earthquake.usgs.gov/earthquakes/feed/v1.0/detail/ak2026aecztw.geojson","felt":null,"cdi":null,"mmi":null,"alert":null,"status":"automatic","tsunami":0,"sig":4,"net":"ak","code":"2026aecztw","ids":",ak2026aecztw,","sources":",ak,","types":",origin,phase-data,","nst":8,"dmin":0,"rms":0.5,"gap":131,"magType":"ml","type":"earthquake","title":"M 0.5 - 84 km NNW of Karluk, Alaska"},"geometry":{"type":"Point","coordinates":[-155.001,58.273,2.8]},"id":"ak2026aecztw"},
{"type":"Feature","properties":{"mag":3.5,"place":"112 km NNW of Yakutat, Alaska","time":1767419300933,"updated":1767427449375,"tz":null,"url":"https://earthquake.usgs.gov/earthquakes/eventpage/us7000rm7t","detail":"https://earthquake.usgs.gov/earthquakes/feed/v1.0/detail/us7000rm7t.geojson","felt":null,"cdi":null,"mmi":3.927,"alert":null,"status":"reviewed","tsunami":0,"sig":188,"net":"us","code":"7000rm7t","ids":",ak2026aeczxy,us7000rm7t,","sources":",ak,us,","types":",origin,phase-data,shakemap,","nst":21,"dmin":0.44,"rms":0.61,"gap":79,"magType":"ml","type":"earthquake","title":"M 3.5 - 112 km NNW of Yakutat, Alaska"},"geometry":{"type":"Point","coordinates":[-140.1742,60.5327,5]},"id":"us7000rm7t"},
{"type":"Feature","properties":{"mag":0.93,"place":"7 km ENE of Ridgecrest, CA","time":1767418971210,"updated":1767419184355,"tz":null,"url":"https://earthquake.usgs.gov/earthquakes/eventpage/ci41151487","detail":"https://earthquake.usgs.gov/earthquakes/feed/v1.0/detail/ci41151487.geojson","felt":null,"cdi":null,"mmi":null,"alert":null,"status":"automatic","tsunami":0,"sig":13,"net":"ci","code":"41151487","ids":",ci41151487,","sources":",ci,","types":",nearby-cities,origin,phase-data,scitech-link,","nst":28,"dmin":0.1019,"rms":0.14,"gap":55,"magType":"ml","type":"earthquake","title":"M 0.9 - 7 km ENE of Ridgecrest, CA"},"geometry":{"type":"Point","coordinates":[-117.599166666667,35.6406666666667,6.5]},"id":"ci41151487"},
{"type":"Feature","properties":{"mag":2.5,"place":"61 km E of Port Alsworth, Alaska","time":1767417594045,"updated":1767419690040,"tz":null,"url":"https://earthquake.usgs.gov/earthquakes/eventpage/ak2026aecbnc","detail":"https://earthquake.usgs.gov/earthquakes/feed/v1.0/detail/ak2026aecbnc.geojson","felt":null,"cdi":null,"mmi":null,"alert":null,"status":"automatic","tsunami":0,"sig":96,"net":"ak","code":"2026aecbnc","ids":",us7000rm7r,ak2026aecbnc,","sources":",us,ak,","types":",origin,phase-data,","nst":108,"dmin":0.1,"rms":0.7,"gap":41,"magType":"ml","type":"earthquake","title":"M 2.5 - 61 km E of Port Alsworth, Alaska"},"geometry":{"type":"Point","coordinates":[-153.213,60.194,141.9]},"id":"ak2026aecbnc"},
{"type":"Feature","properties":{"mag":1.1,"place":"8 km W of Cobb, CA","time":1767416842290,"updated":1767419837771,"tz":null,"url":"https://earthquake.usgs.gov/earthquakes/eventpage/nc75290121","detail":"https://earthquake.usgs.gov/earthquakes/feed/v1.0/detail/nc75290121.geojson","felt":1,"cdi":0,"mmi":null,"alert":null,"status":"automatic","tsunami":0,"sig":19,"net":"nc","code":"75290121","ids":",nc75290121,","sources":",nc,","types":",dyfi,nearby-cities,origin,phase-data,scitech-link,","nst":19,"dmin":0.0133,"rms":0.02,"gap":72,"magType":"md","type":"earthquake","title":"M 1.1 - 8 km W of Cobb, CA"},"geometry":{"type":"Point","coordinates":[-122.81616973877,38.8358345031738,2.10999989509583]},"id":"nc75290121"},
{"type":"Feature","properties":{"mag":1.8,"place":"72 km N of Petersville, Alaska","time":1767416725400,"updated":1767416871021,"tz":null,"url":"https://earthquake.usgs.gov/earthquakes/eventpage/ak2026aeboyv","detail":"https://earthquake.usgs.gov/earthquakes/feed/v1.0/detail/ak2026aeboyv.geojson","felt":null,"cdi":null,"mmi":null,"alert":null,"status":"automatic","tsunami":0,"sig":50,"net":"ak","code":"2026aeboyv","ids":",ak2026aeboyv,","sources":",ak,","types":",origin,phase-data,","nst":27,"dmin":0.6,"rms":0.6,"gap":84,"magType":"ml","type":"earthquake","title":"M 1.8 - 72 km N of Petersville, Alaska"},"geometry":{"type":"Point","coordinates":[-150.581,63.14,113.6]},"id":"ak2026aeboyv"},
{"type":"Feature","properties":{"mag":2,"place":"50 km W of Nanwalek, Alaska","time":1767416323110,"updated":1767416403984,"tz":null,"url":"https://earthquake.usgs.gov/earthquakes/eventpage/ak2026aebjea","detail":"https://earthquake.usgs.gov/earthquakes/feed/v1.0/detail/ak2026aebjea.geojson","felt":null,"cdi":null,"mmi":null,"alert":null,"status":"automatic","tsunami":0,"sig":62,"net":"ak","code":"2026aebjea","ids":",ak2026aebjea,","sources":",ak,","types":",origin,phase-data,","nst":30,"dmin":0.3,"rms":0.4,"gap":95,"magType":"ml","type":"earthquake","title":"M 2.0 - 50 km W of Nanwalek, Alaska"},"geometry":{"type":"Point","coordinates":[-152.811,59.352,76.5]},"id":"ak2026aebjea"},
{"type":"Feature","properties":{"mag":2,"place":"47 km SSE of Denali National Park, Alaska","time":1767414756135,"updated":1767414841860,"tz":null,"url":"https://earthquake.usgs.gov/earthquakes/eventpage/ak2026aeamrl","detail":"https://earthquake.usgs.gov/earthquakes/feed/v1.0/detail/ak2026aeamrl.geojson","felt":null,"cdi":null,"mmi":null,"alert":null,"status":"automatic","tsunami":0,"sig":62,"net":"ak","code":"2026aeamrl","ids":",ak2026aeamrl,","sources":",ak,","types":",origin,phase-data,","nst":30,"dmin":0.4,"rms":0.7,"gap":39,"magType":"ml","type":"earthquake","title":"M 2.0 - 47 km SSE of Denali National Park, Alaska"},"geometry":{"type":"Point","coordinates":[-151.365,63.145,0]},"id":"ak2026aeamrl"},
{"type":"Feature","properties":{"mag":1.9,"place":"25 km SSE of Trona, CA","time":1767414722690,"updated":1767414949512,"tz":null,"url":"https://earthquake.usgs.gov/earthquakes/eventpage/ci41151463","detail":"https://earthquake.usgs.gov/earthquakes/feed/v1.0/detail/ci41151463.geojson","felt":null,"cdi":null,"mmi":null,"alert":null,"status":"automatic","tsunami":0,"sig":56,"net":"ci","code":"41151463","ids":",ci41151463,","sources":",ci,","types":",nearby-cities,origin,phase-data,scitech-link,","nst":37,"dmin":0.04075,"rms":0.14,"gap":67,"magType":"ml","type":"earthquake","title":"M 1.9 - 25 km SSE of Trona, CA"},"geometry":{"type":"Point","coordinates":[-117.321833333333,35.5461666666667,9.44]},"id":"ci41151463"},
{"type":"Feature","properties":{"mag":0.57,"place":"13 km NE of Ridgecrest, CA","time":1767414684180,"updated":1767414951737,"tz":null,"url":"https://earthquake.usgs.gov/earthquakes/eventpage/ci41151455","detail":"https://earthquake.usgs.gov/earthquakes/feed/v1.0/detail/ci41151455.geojson","felt":null,"cdi":null,"mmi":null,"alert":null,"status":"automatic","tsunami":0,"sig":5,"net":"ci","code":"41151455","ids":",ci41151455,","sources":",ci,","types":",nearby-cities,origin,phase-data,scitech-link,","nst":18,"dmin":0.1191,"rms":0.14,"gap":61,"magType":"ml","type":"earthquake","title":"M 0.6 - 13 km NE of Ridgecrest, CA"},"geometry":{"type":"Point","coordinates":[-117.564333333333,35.698,4.6]},"id":"ci41151455"},
{"type":"Feature","properties":{"mag":2.9,"place":"28 km ENE of Beluga, Alaska","time":1767414171096,"updated":1767417423380,"tz":null,"url":"https://earthquake.usgs.gov/earthquakes/eventpage/ak2026aeadtf","detail":"https://earthquake.usgs.gov/earthquakes/feed/v1.0/detail/ak2026aeadtf.geojson","felt":1,"cdi":2,"mmi":null,"alert":null,"status":"automatic","tsunami":0,"sig":130,"net":"ak","code":"2026aeadtf","ids":",ak2026aeadtf,us7000rm7m,","sources":",ak,us,","types":",dyfi,origin,phase-data,","nst":91,"dmin":0.2,"rms":1.1,"gap":32,"magType":"ml","type":"earthquake","title":"M 2.9 - 28 km ENE of Beluga, Alaska"},"geometry":{"type":"Point","coordinates":[-150.564,61.197,36.2]},"id":"ak2026aeadtf"},
{"type":"Feature","properties":{"mag":1.8,"place":"7 km W of Beluga, Alaska","time":1767413744464,"updated":1767413867399,"tz":null,"url":"https://earthquake.usgs.gov/earthquakes/eventpage/ak2026adzydz","detail":"https://earthquake.usgs.gov/earthquakes/feed/v1.0/detail/ak2026adzydz.geojson","felt":null,"cdi":null,"mmi":null,"alert":null,"status":"automatic","tsunami":0,"sig":50,"net":"ak","code":"2026adzydz","ids":",ak2026adzydz,","sources":",ak,","types":",origin,phase-data,","nst":33,"dmin":0.4,"rms":0.7,"gap":40,"magType":"ml","type":"earthquake","title":"M 1.8 - 7 km W of Beluga, Alaska"},"geometry":{"type":"Point","coordinates":[-151.221,61.145,68.1]},"id":"ak2026adzydz"},
{"type":"Feature","properties":{"mag":1.6,"place":"5 km SSE of Coahoma, Texas","time":1767413217262,"updated":1767442482950,"tz":null,"url":"https://earthquake.usgs.gov/earthquakes/eventpage/tx2026adzqny","detail":"https://earthquake.usgs.gov/earthquakes/feed/v1.0/detail/tx2026adzqny.geojson","felt":null,"cdi":null,"mmi":null,"alert":null,"status":"automatic","tsunami":0,"sig":39,"net":"tx","code":"2026adzqny","ids":",tx2026adzqny,","sources":",tx,","types":",origin,phase-data,","nst":29,"dmin":0.1,"rms":0.2,"gap":110,"magType":"ml","type":"earthquake","title":"M 1.6 - 5 km SSE of Coahoma, Texas"},"geometry":{"type":"Point","coordinates":[-101.285,32.252,4.0123]},"id":"tx2026adzqny"},
{"type":"Feature","properties":{"mag":1,"place":"17 km WSW of Ester, Alaska","time":1767413119852,"updated":1767413219826,"tz":null,"url":"https://earthquake.usgs.gov/earthquakes/eventpage/ak2026adzpei","detail":"https://earthquake.usgs.gov/earthquakes/feed/v1.0/detail/ak2026adzpei.geojson","felt":null,"cdi":null,"mmi":null,"alert":null,"status":"automatic","tsunami":0,"sig":15,"net":"ak","code":"2026adzpei","ids":",ak2026adzpei,","sources":",ak,","types":",origin,phase-data,","nst":7,"dmin":0.2,"rms":0.3,"gap":144,"magType":"ml","type":"earthquake","title":"M 1.0 - 17 km WSW of Ester, Alaska"},"geometry":{"type":"Point","coordinates":[-148.373,64.797,5]},"id":"ak2026adzpei"},
{"type":"Feature","properties":{"mag":1.09,"place":"5 km NW of The Geysers, CA","time":1767412207710,"updated":1767412304601,"tz":null,"url":"https://earthquake.usgs.gov/earthquakes/eventpage/nc75290101","detail":"https://earthquake.usgs.gov/earthquakes/feed/v1.0/detail/nc75290101.geojson","felt":null,"cdi":null,"mmi":null,"alert":null,"status":"automatic","tsunami":0,"sig":18,"net":"nc","code":"75290101","ids":",nc75290101,","sources":",nc,","types":",nearby-cities,origin,phase-data,","nst":14,"dmin":0.007188,"rms":0.01,"gap":53,"magType":"md","type":"earthquake","title":"M 1.1 - 5 km NW of The Geysers, CA"},"geometry":{"type":"Point","coordinates":[-122.795333862305,38.8151664733887,2.75999999046326]},"id":"nc75290101"},
{"type":"Feature","properties":{"mag":1.9,"place":"111 km N of Yakutat, Alaska","time":1767412075879,"updated":1767424971858,"tz":null,"url":"https://earthquake.usgs.gov/earthquakes/eventpage/ak2026adzaef","detail":"https://earthquake.usgs.gov/earthquakes/feed/v1.0/detail/ak2026adzaef.geojson","felt":null,"cdi":null,"mmi":null,"alert":null,"status":"reviewed","tsunami":0,"sig":56,"net":"ak","code":"2026adzaef","ids":",ak2026adzaef,","sources":",ak,","types":",origin,phase-data,","nst":12,"dmin":0.5,"rms":1.1,"gap":167,"magType":"ml","type":"earthquake","title":"M 1.9 - 111 km N of Yakutat, Alaska"},"geometry":{"type":"Point","coordinates":[-139.998,60.542,5]},"id":"ak2026adzaef"},
{"type":"Feature","properties":{"mag":1.5,"place":"75 km SSE of Kokhanok, Alaska","time":1767411906740,"updated":1767412004733,"tz":null,"url":"https://earthquake.usgs.gov/earthquakes/eventpage/ak2026adyxqe","detail":"https://earthquake.usgs.gov/earthquakes/feed/v1.0/detail/ak2026adyxqe.geojson","felt":null,"cdi":null,"mmi":null,"alert":null,"status":"automatic","tsunami":0,"sig":35,"net":"ak","code":"2026adyxqe","ids":",ak2026adyxqe,","sources":",ak,","types":",origin,phase-data,","nst":12,"dmin":0.2,"rms":0.3,"gap":135,"magType":"ml","type":"earthquake","title":"M 1.5 - 75 km SSE of Kokhanok, Alaska"},"geometry":{"type":"Point","coordinates":[-154.068,58.864,5]},"id":"ak2026adyxqe"},
{"type":"Feature","properties":{"mag":1.75,"place":"1 km WNW of Pāhala, Hawaii","time":1767411739620,"updated":1767411973370,"tz":null,"url":"https://earthquake.usgs.gov/earthquakes/eventpage/hv74867987","detail":"https://earthquake.usgs.gov/earthquakes/feed/v1.0/detail/hv74867987.geojson","felt":null,"cdi":null,"mmi":null,"alert":null,"status":"automatic","tsunami":0,"sig":47,"net":"hv","code":"74867987","ids":",hv74867987,","sources":",hv,","types":",origin,phase-data,","nst":29,"dmin":0.03855,"rms":0.109999999,"gap":214,"magType":"md","type":"earthquake","title":"M 1.8 - 1 km WNW of Pāhala, Hawaii"},"geometry":{"type":"Point","coordinates":[-155.492172241211,19.2101669311523,34.8699989318848]},"id":"hv74867987"},
{"type":"Feature","properties":{"mag":2.7,"place":"57 km WNW of Ninilchik, Alaska","time":1767411075399,"updated":1767411201662,"tz":null,"url":"https://earthquake.usgs.gov/earthquakes/eventpage/ak2026adylus","detail":"https://earthquake.usgs.gov/earthquakes/feed/v1.0/detail/ak2026adylus.geojson","felt":null,"cdi":null,"mmi":null,"alert":null,"status":"automatic","tsunami":0,"sig":112,"net":"ak","code":"2026adylus","ids":",ak2026adylus,","sources":",ak,","types":",origin,phase-data,","nst":31,"dmin":0.2,"rms":0.4,"gap":77,"magType":"ml","type":"earthquake","title":"M 2.7 - 57 km WNW of Ninilchik, Alaska"},"geometry":{"type":"Point","coordinates":[-152.584,60.299,119.3]},"id":"ak2026adylus"},
{"type":"Feature","properties":{"mag":1.8,"place":"18 km E of Pāhala, Hawaii","time":1767411049090,"updated":1767411250140,"tz":null,"url":"https://earthquake.usgs.gov/earthquakes/eventpage/hv74867982","detail":"https://earthquake.usgs.gov/earthquakes/feed/v1.0/detail/hv74867982.geojson","felt":null,"cdi":null,"mmi":null,"alert":null,"status":"automatic","tsunami":0,"sig":50,"net":"hv","code":"74867982","ids":",hv74867982,","sources":",hv,","types":",origin,phase-data,","nst":10,"dmin":0.09649,"rms":0.330000013,"gap":238,"magType":"md","type":"earthquake","title":"M 1.8 - 18 km E of Pāhala, Hawaii"},"geometry":{"type":"Point","coordinates":[-155.300506591797,19.2071666717529,49.0200004577637]},"id":"hv74867982"},
{"type":"Feature","properties":{"mag":2.02,"place":"9 km S of Emajagua, Puerto Rico","time":1767410871110,"updated":1767411858940,"tz":null,"url":"https://earthquake.usgs.gov/earthquakes/eventpage/pr71503743","detail":"https://earthquake.usgs.gov/earthquakes/feed/v1.0/detail/pr71503743.geojson","felt":null,"cdi":null,"mmi":null,"alert":null,"status":"reviewed","tsunami":0,"sig":63,"net":"pr","code":"71503743","ids":",pr71503743,","sources":",pr,","types":",origin,phase-data,","nst":5,"dmin":0.1639,"rms":0.17,"gap":223,"magType":"md","type":"earthquake","title":"M 2.0 - 9 km S of Emajagua, Puerto Rico"},"geometry":{"type":"Point","coordinates":[-65.8855,17.9178333333333,13.85]},"id":"pr71503743"},
{"type":"Feature","properties":{"mag":0.91,"place":"7 km NNE of Banning, CA","time":1767410371240,"updated":1767410595583,"tz":null,"url":"https://earthquake.usgs.gov/earthquakes/eventpage/ci41151439","detail":"https://earthquake.usgs.gov/earthquakes/feed/v1.0/detail/ci41151439.geojson","felt":null,"cdi":null,"mmi":null,"alert":null,"status":"automatic","tsunami":0,"sig":13,"net":"ci","code":"41151439","ids":",ci41151439,","sources":",ci,","types":",nearby-cities,origin,phase-data,scitech-link,","nst":36,"dmin":0.1383,"rms":0.17,"gap":33,"magType":"ml","type":"earthquake","title":"M 0.9 - 7 km NNE of Banning, CA"},"geometry":{"type":"Point","coordinates":[-116.836166666667,33.9825,14.53]},"id":"ci41151439"},
{"type":"Feature","properties":{"mag":1.01,"place":"7 km N of Running Springs, CA","time":1767407709530,"updated":1767409764471,"tz":null,"url":"https://earthquake.usgs.gov/earthquakes/eventpage/ci41151431","detail":"https://earthquake.usgs.gov/earthquakes/feed/v1.0/detail/ci41151431.geojson","felt":2,"cdi":0,"mmi":null,"alert":null,"status":"automatic","tsunami":0,"sig":16,"net":"ci","code":"41151431","ids":",ci41151431,","sources":",ci,","types":",dyfi,nearby-cities,origin,phase-data,scitech-link,","nst":34,"dmin":0.07536,"rms":0.15,"gap":103,"magType":"ml","type":"earthquake","title":"M 1.0 - 7 km N of Running Springs, CA"},"geometry":{"type":"Point","coordinates":[-117.095333333333,34.2685,7.25]},"id":"ci41151431"},
{"type":"Feature","properties":{"mag":1.7,"place":"27 km NW of Susitna, Alaska","time":1767406666346,"updated":1767424507477,"tz":null,"url":"https://earthquake.usgs.gov/earthquakes/eventpage/ak2026adwamm","detail":"https://earthquake.usgs.gov/earthquakes/feed/v1.0/detail/ak2026adwamm.geojson","felt":null,"cdi":null,"mmi":null,"alert":null,"status":"automatic","tsunami":0,"sig":44,"net":"ak","code":"2026adwamm","ids":",ak2026adwamm,","sources":",ak,","types":",origin,phase-data,","nst":15,"dmin":0.4,"rms":0.3,"gap":74,"magType":"ml","type":"earthquake","title":"M 1.7 - 27 km NW of Susitna, Alaska"},"geometry":{"type":"Point","coordinates":[-150.85,61.727,64.5]},"id":"ak2026adwamm"},
{"type":"Feature","properties":{"mag":4.6,"place":"113 km N of Paciran, Indonesia","time":1767406345643,"updated":1767407176040,"tz":null,"url":"https://earthquake.usgs.gov/earthquakes/eventpage/us7000rm7c","detail":"https://earthquake.usgs.gov/earthquakes/feed/v1.0/detail/us7000rm7c.geojson","felt":null,"cdi":null,"mmi":null,"alert":null,"status":"reviewed","tsunami":0,"sig":326,"net":"us","code":"7000rm7c","ids":",us7000rm7c,","sources":",us,","types":",origin,phase-data,","nst":26,"dmin":1.603,"rms":0.74,"gap":87,"magType":"mb","type":"earthquake","title":"M 4.6 - 113 km N of Paciran, Indonesia"},"geometry":{"type":"Point","coordinates":[112.4577,-5.8539,10]},"id":"us7000rm7c"},
{"type":"Feature","properties":{"mag":1.82,"place":"13 km S of Volcano, Hawaii","time":1767405951760,"updated":1767406156750,"tz":null,"url":"https://earthquake.usgs.gov/earthquakes/eventpage/hv74867937","detail":"https://earthquake.usgs.gov/earthquakes/feed/v1.0/detail/hv74867937.geojson","felt":null,"cdi":null,"mmi":null,"alert":null,"status":"automatic","tsunami":0,"sig":51,"net":"hv","code":"74867937","ids":",hv74867937,","sources":",hv,","types":",origin,phase-data,","nst":41,"dmin":0.03949,"rms":0.219999999,"gap":180,"magType":"md","type":"earthquake","title":"M 1.8 - 13 km S of Volcano, Hawaii"},"geometry":{"type":"Point","coordinates":[-155.219833374023,19.3206672668457,0.680000007152557]},"id":"hv74867937"},
{"type":"Feature","properties":{"mag":2.24,"place":"20 km SSE of Mineral, CA","time":1767405016780,"updated":1767406341214,"tz":null,"url":"https://earthquake.usgs.gov/earthquakes/eventpage/nc75290056","detail":"https://earthquake.usgs.gov/earthquakes/feed/v1.0/detail/nc75290056.geojson","felt":null,"cdi":null,"mmi":null,"alert":null,"status":"automatic","tsunami":0,"sig":77,"net":"nc","code":"75290056","ids":",nc75290056,","sources":",nc,","types":",nearby-cities,origin,phase-data,scitech-link,","nst":11,"dmin":0.2162,"rms":0.06,"gap":136,"magType":"md","type":"earthquake","title":"M 2.2 - 20 km SSE of Mineral, CA"},"geometry":{"type":"Point","coordinates":[-121.510665893555,40.1831665039062,11.5200004577637]},"id":"nc75290056"},
{"type":"Feature","properties":{"mag":2,"place":"27 km WNW of Central, Alaska","time":1767404147306,"updated":1767404258617,"tz":null,"url":"https://earthquake.usgs.gov/earthquakes/eventpage/ak2026aduqib","detail":"https://earthquake.usgs.gov/earthquakes/feed/v1.0/detail/ak2026aduqib.geojson","felt":null,"cdi":null,"mmi":null,"alert":null,"status":"automatic","tsunami":0,"sig":62,"net":"ak","code":"2026aduqib","ids":",ak2026aduqib,","sources":",ak,","types":",origin,phase-data,","nst":12,"dmin":0.2,"rms":0.8,"gap":160,"magType":"ml","type":"earthquake","title":"M 2.0 - 27 km WNW of Central, Alaska"},"geometry":{"type":"Point","coordinates":[-145.373,65.659,0.7]},"id":"ak2026aduqib"},
{"type":"Feature","properties":{"mag":1.8,"place":"22 km NNE of Karluk, Alaska","time":1767404073053,"updated":1767404245615,"tz":null,"url":"https://earthquake.usgs.gov/earthquakes/eventpage/ak2026adupgb","detail":"https://earthquake.usgs.gov/earthquakes/feed/v1.0/detail/ak2026adupgb.geojson","felt":null,"cdi":null,"mmi":null,"alert":null,"status":"automatic","tsunami":0,"sig":50,"net":"ak","code":"2026adupgb","ids":",ak2026adupgb,","sources":",ak,","types":",origin,phase-data,","nst":10,"dmin":0.5,"rms":0.3,"gap":270,"magType":"ml","type":"earthquake","title":"M 1.8 - 22 km NNE of Karluk, Alaska"},"geometry":{"type":"Point","coordinates":[-154.375,57.763,66.2]},"id":"ak2026adupgb"},
{"type":"Feature","properties":{"mag":0.8,"place":"17 km WSW of Ester, Alaska","time":1767404070845,"updated":1767404239614,"tz":null,"url":"https://earthquake.usgs.gov/earthquakes/eventpage/ak2026adupfi","detail":"https://earthquake.usgs.gov/earthquakes/feed/v1.0/detail/ak2026adupfi.geojson","felt":null,"cdi":null,"mmi":null,"alert":null,"status":"automatic","tsunami":0,"sig":10,"net":"ak","code":"2026adupfi","ids":",ak2026adupfi,","sources":",ak,","types":",origin,phase-data,","nst":6,"dmin":0.2,"rms":0.6,"gap":139,"magType":"ml","type":"earthquake","title":"M 0.8 - 17 km WSW of Ester, Alaska"},"geometry":{"type":"Point","coordinates":[-148.354,64.786,3.2]},"id":"ak2026adupfi"},
{"type":"Feature","properties":{"mag":1.8,"place":"47 km E of Pedro Bay, Alaska","time":1767403692404,"updated":1767403831589,"tz":null,"url":"https://earthquake.usgs.gov/earthquakes/eventpage/ak2026adujut","detail":"https://earthquake.usgs.gov/earthquakes/feed/v1.0/detail/ak2026adujut.geojson","felt":null,"cdi":null,"mmi":null,"alert":null,"status":"automatic","tsunami":0,"sig":50,"net":"ak","code":"2026adujut","ids":",ak2026adujut,","sources":",ak,","types":",origin,phase-data,","nst":36,"dmin":0.1,"rms":0.5,"gap":144,"magType":"ml","type":"earthquake","title":"M 1.8 - 47 km E of Pedro Bay, Alaska"},"geometry":{"type":"Point","coordinates":[-153.261,59.752,127.1]},"id":"ak2026adujut"},
{"type":"Feature","properties":{"mag":5,"place":"33 km SSW of Mendi, Papua New Guinea","time":1767403599593,"updated":1767404491040,"tz":null,"url":"https://earthquake.usgs.gov/earthquakes/eventpage/us7000rm78","detail":"https://earthquake.usgs.gov/earthquakes/feed/v1.0/detail/us7000rm78.geojson","felt":null,"cdi":null,"mmi":null,"alert":null,"status":"reviewed","tsunami":0,"sig":385,"net":"us","code":"7000rm78","ids":",us7000rm78,","sources":",us,","types":",origin,phase-data,","nst":34,"dmin":4.051,"rms":0.5,"gap":51,"magType":"mb","type":"earthquake","title":"M 5.0 - 33 km SSW of Mendi, Papua New Guinea"},"geometry":{"type":"Point","coordinates":[143.5977,-6.4414,10]},"id":"us7000rm78"},
{"type":"Feature","properties":{"mag":0.5,"place":"72 km WNW of Happy Valley, Alaska","time":1767403289916,"updated":1767404674120,"tz":null,"url":"https://earthquake.usgs.gov/earthquakes/eventpage/ak2026adudzk","detail":"https://earthquake.usgs.gov/earthquakes/feed/v1.0/detail/ak2026adudzk.geojson","felt":null,"cdi":null,"mmi":null,"alert":null,"status":"automatic","tsunami":0,"sig":4,"net":"ak","code":"2026adudzk","ids":",ak2026adudzk,","sources":",ak,","types":",origin,","nst":9,"dmin":0.1,"rms":0.5,"gap":151,"magType":"ml","type":"earthquake","title":"M 0.5 - 72 km WNW of Happy Valley, Alaska"},"geometry":{"type":"Point","coordinates":[-152.97,60.135,5]},"id":"ak2026adudzk"},
{"type":"Feature","properties":{"mag":2.3,"place":"102 km SSE of Ugashik, Alaska","time":1767402859817,"updated":1767402988512,"tz":null,"url":"https://earthquake.usgs.gov/earthquakes/eventpage/ak2026adtyep","detail":"https://earthquake.usgs.gov/earthquakes/feed/v1.0/detail/ak2026adtyep.geojson","felt":null,"cdi":null,"mmi":null,"alert":null,"status":"automatic","tsunami":0,"sig":81,"net":"ak","code":"2026adtyep","ids":",ak2026adtyep,","sources":",ak,","types":",origin,phase-data,","nst":38,"dmin":1,"rms":0.7,"gap":182,"magType":"ml","type":"earthquake","title":"M 2.3 - 102 km SSE of Ugashik, Alaska"},"geometry":{"type":"Point","coordinates":[-156.76,56.664,88]},"id":"ak2026adtyep"},
{"type":"Feature","properties":{"mag":1.6,"place":"54 km W of Nanwalek, Alaska","time":1767401067602,"updated":1767401163521,"tz":null,"url":"https://earthquake.usgs.gov/earthquakes/eventpage/ak2026adsybu","detail":"https://earthquake.usgs.gov/earthquakes/feed/v1.0/detail/ak2026adsybu.geojson","felt":null,"cdi":null,"mmi":null,"alert":null,"status":"automatic","tsunami":0,"sig":39,"net":"ak","code":"2026adsybu","ids":",ak2026adsybu,","sources":",ak,","types":",origin,phase-data,","nst":45,"dmin":0.3,"rms":0.5,"gap":93,"magType":"ml","type":"earthquake","title":"M 1.6 - 54 km W of Nanwalek, Alaska"},"geometry":{"type":"Point","coordinates":[-152.874,59.286,67.6]},"id":"ak2026adsybu"},
{"type":"Feature","properties":{"mag":1.6,"place":"10 km NW of Willow, Alaska","time":1767400824332,"updated":1767404537403,"tz":null,"url":"https://earthquake.usgs.gov/earthquakes/eventpage/ak2026adsuih","detail":"https://earthquake.usgs.gov/earthquakes/feed/v1.0/detail/ak2026adsuih.geojson","felt":null,"cdi":null,"mmi":null,"alert":null,"status":"automatic","tsunami":0,"sig":39,"net":"ak","code":"2026adsuih","ids":",ak2026adsuih,","sources":",ak,","types":",origin,phase-data,","nst":13,"dmin":0.6,"rms":0.4,"gap":109,"magType":"ml","type":"earthquake","title":"M 1.6 - 10 km NW of Willow, Alaska"},"geometry":{"type":"Point","coordinates":[-150.177,61.814,26.8]},"id":"ak2026adsuih"},
{"type":"Feature","properties":{"mag":1.2,"place":"18 km WSW of Ester, Alaska","time":1767399800339,"updated":1767399867405,"tz":null,"url":"https://earthquake.usgs.gov/earthquakes/eventpage/ak2026adsfwl","detail":"https://earthquake.usgs.gov/earthquakes/feed/v1.0/detail/ak2026adsfwl.geojson","felt":null,"cdi":null,"mmi":null,"alert":null,"status":"automatic","tsunami":0,"sig":22,"net":"ak","code":"2026adsfwl","ids":",ak2026adsfwl,","sources":",ak,","types":",origin,phase-data,","nst":10,"dmin":0.2,"rms":0.8,"gap":128,"magType":"ml","type":"earthquake","title":"M 1.2 - 18 km WSW of Ester, Alaska"},"geometry":{"type":"Point","coordinates":[-148.379,64.789,5]},"id":"ak2026adsfwl"},
{"type":"Feature","properties":{"mag":1.37,"place":"4 km S of Brawley, CA","time":1767399569590,"updated":1767399783143,"tz":null,"url":"https://earthquake.usgs.gov/earthquakes/eventpage/ci41151367","detail":"https://earthquake.usgs.gov/earthquakes/feed/v1.0/detail/ci41151367.geojson","felt":null,"cdi":null,"mmi":null,"alert":null,"status":"automatic","tsunami":0,"sig":29,"net":"ci","code":"41151367","ids":",ci41151367,","sources":",ci,","types":",nearby-cities,origin,phase-data,scitech-link,","nst":14,"dmin":0.05173,"rms":0.15,"gap":121,"magType":"ml","type":"earthquake","title":"M 1.4 - 4 km S of Brawley, CA"},"geometry":{"type":"Point","coordinates":[-115.524666666667,32.9435,4.53]},"id":"ci41151367"},
{"type":"Feature","properties":{"mag":2.3,"place":"88 km N of Yakutat, Alaska","time":1767399373995,"updated":1767399483373,"tz":null,"url":"https://earthquake.usgs.gov/earthquakes/eventpage/ak2026adrztg","detail":"https://earthquake.usgs.gov/earthquakes/feed/v1.0/detail/ak2026adrztg.geojson","felt":null,"cdi":null,"mmi":null,"alert":null,"status":"automatic","tsunami":0,"sig":81,"net":"ak","code":"2026adrztg","ids":",ak2026adrztg,","sources":",ak,","types":",origin,phase-data,","nst":20,"dmin":0.3,"rms":1,"gap":77,"magType":"ml","type":"earthquake","title":"M 2.3 - 88 km N of Yakutat, Alaska"},"geometry":{"type":"Point","coordinates":[-139.905,60.336,5]},"id":"ak2026adrztg"},
{"type":"Feature","properties":{"mag":0.8,"place":"11 km ENE of Fox, Alaska","time":1767398648454,"updated":1767404488638,"tz":null,"url":"https://earthquake.usgs.gov/earthquakes/eventpage/ak2026adrpij","detail":"https://earthquake.usgs.gov/earthquakes/feed/v1.0/detail/ak2026adrpij.geojson","felt":null,"cdi":null,"mmi":null,"alert":null,"status":"automatic","tsunami":0,"sig":10,"net":"ak","code":"2026adrpij","ids":",ak2026adrpij,","sources":",ak,","types":",origin,phase-data,","nst":11,"dmin":0.1,"rms":0.7,"gap":84,"magType":"ml","type":"earthquake","title":"M 0.8 - 11 km ENE of Fox, Alaska"},"geometry":{"type":"Point","coordinates":[-147.385,64.979,1.3]},"id":"ak2026adrpij"},
{"type":"Feature","properties":{"mag":4.1,"place":"89 km W of San Antonio de los Cobres, Argentina","time":1767398452571,"updated":1767403297040,"tz":null,"url":"https://earthquake.usgs.gov/earthquakes/eventpage/us7000rm71","detail":"https://earthquake.usgs.gov/earthquakes/feed/v1.0/detail/us7000rm71.geojson","felt":null,"cdi":null,"mmi":null,"alert":null,"status":"reviewed","tsunami":0,"sig":259,"net":"us","code":"7000rm71","ids":",us7000rm71,","sources":",us,","types":",origin,phase-data,","nst":26,"dmin":1.567,"rms":0.77,"gap":71,"magType":"mb","type":"earthquake","title":"M 4.1 - 89 km W of San Antonio de los Cobres, Argentina"},"geometry":{"type":"Point","coordinates":[-67.2016,-24.2431,205.638]},"id":"us7000rm71"},
{"type":"Feature","properties":{"mag":1.31,"place":"4 km WNW of March Air Reserve Base, CA","time":1767398430510,"updated":1767398651887,"tz":null,"url":"https://earthquake.usgs.gov/earthquakes/eventpage/ci41151351","detail":"https://earthquake.usgs.gov/earthquakes/feed/v1.0/detail/ci41151351.geojson","felt":null,"cdi":null,"mmi":null,"alert":null,"status":"automatic","tsunami":0,"sig":26,"net":"ci","code":"41151351","ids":",ci41151351,","sources":",ci,","types":",nearby-cities,origin,phase-data,scitech-link,","nst":10,"dmin":0.09309,"rms":0.17,"gap":235,"magType":"ml","type":"earthquake","title":"M 1.3 - 4 km WNW of March Air Reserve Base, CA"},"geometry":{"type":"Point","coordinates":[-117.304333333333,33.9118333333333,1.26]},"id":"ci41151351"},
{"type":"Feature","properties":{"mag":0.73,"place":"7 km NNE of Valle Vista, CA","time":1767398040190,"updated":1767398256491,"tz":null,"url":"https://earthquake.usgs.gov/earthquakes/eventpage/ci41151343","detail":"https://earthquake.usgs.gov/earthquakes/feed/v1.0/detail/ci41151343.geojson","felt":null,"cdi":null,"mmi":null,"alert":null,"status":"automatic","tsunami":0,"sig":8,"net":"ci","code":"41151343","ids":",ci41151343,","sources":",ci,","types":",nearby-cities,origin,phase-data,scitech-link,","nst":21,"dmin":0.07118,"rms":0.15,"gap":79,"magType":"ml","type":"earthquake","title":"M 0.7 - 7 km NNE of Valle Vista, CA"},"geometry":{"type":"Point","coordinates":[-116.877333333333,33.8083333333333,13.19]},"id":"ci41151343"},
{"type":"Feature","properties":{"mag":1.33,"place":"4 km SE of Home Gardens, CA","time":1767396778340,"updated":1767396998213,"tz":null,"url":"https://earthquake.usgs.gov/earthquakes/eventpage/ci41151319","detail":"https://earthquake.usgs.gov/earthquakes/feed/v1.0/detail/ci41151319.geojson","felt":null,"cdi":null,"mmi":null,"alert":null,"status":"automatic","tsunami":0,"sig":27,"net":"ci","code":"41151319","ids":",ci41151319,","sources":",ci,","types":",nearby-cities,origin,phase-data,scitech-link,","nst":40,"dmin":0.05576,"rms":0.18,"gap":36,"magType":"ml","type":"earthquake","title":"M 1.3 - 4 km SE of Home Gardens, CA"},"geometry":{"type":"Point","coordinates":[-117.4975,33.8521666666667,2.17]},"id":"ci41151319"},
{"type":"Feature","properties":{"mag":2.1,"place":"34 km WNW of Nikiski, Alaska","time":1767395409763,"updated":1767395547040,"tz":null,"url":"https://earthquake.usgs.gov/earthquakes/eventpage/ak2026adpuun","detail":"https://earthquake.usgs.gov/earthquakes/feed/v1.0/detail/ak2026adpuun.geojson","felt":null,"cdi":null,"mmi":null,"alert":null,"status":"automatic","tsunami":0,"sig":68,"net":"ak","code":"2026adpuun","ids":",ak2026adpuun,","sources":",ak,","types":",origin,phase-data,","nst":37,"dmin":0.3,"rms":0.5,"gap":79,"magType":"ml","type":"earthquake","title":"M 2.1 - 34 km WNW of Nikiski, Alaska"},"geometry":{"type":"Point","coordinates":[-151.89,60.775,82.1]},"id":"ak2026adpuun"},
{"type":"Feature","properties":{"mag":1.8,"place":"50 km SSE of Denali National Park, Alaska","time":1767394815309,"updated":1767404408628,"tz":null,"url":"https://earthquake.usgs.gov/earthquakes/eventpage/ak2026adpmhj","detail":"https://earthquake.usgs.gov/earthquakes/feed/v1.0/detail/ak2026adpmhj.geojson","felt":null,"cdi":null,"mmi":null,"alert":null,"status":"automatic","tsunami":0,"sig":50,"net":"ak","code":"2026adpmhj","ids":",ak2026adpmhj,","sources":",ak,","types":",origin,phase-data,","nst":15,"dmin":0.4,"rms":0.8,"gap":105,"magType":"ml","type":"earthquake","title":"M 1.8 - 50 km SSE of Denali National Park, Alaska"},"geometry":{"type":"Point","coordinates":[-151.385,63.114,5]},"id":"ak2026adpmhj"},
{"type":"Feature","properties":{"mag":1.4,"place":"6 km NNE of Midland, Texas","time":1767394279784,"updated":1767399533648,"tz":null,"url":"https://earthquake.usgs.gov/earthquakes/eventpage/tx2026adpenh","detail":"https://earthquake.usgs.gov/earthquakes/feed/v1.0/detail/tx2026adpenh.geojson","felt":null,"cdi":null,"mmi":null,"alert":null,"status":"automatic","tsunami":0,"sig":30,"net":"tx","code":"2026adpenh","ids":",tx2026adpenh,","sources":",tx,","types":",origin,phase-data,","nst":55,"dmin":0,"rms":0.4,"gap":58,"magType":"ml","type":"earthquake","title":"M 1.4 - 6 km NNE of Midland, Texas"},"geometry":{"type":"Point","coordinates":[-102.047,32.049,4.244]},"id":"tx2026adpenh"}],"bbox":[-178.6115,-45.4026,0,178.73,65.659,394.473]}